timestamp,market,trade_price,trade_volume,ask_bid,bid_price,ask_price,bid_size,ask_size,total_bid_size,total_ask_size
2026-09-08 13:41:53.911553,KRW-BTC,106979000.0,9.347e-05,BID,0,0,0,0,0,0
2026-09-08 13:41:59.981827,KRW-BTC,106979000.0,0.00805871,BID,106979000.0,106980000.0,0.08423698,0.01595339,1.73930061,7.03900243
2026-09-08 13:41:59.983471,KRW-BTC,106979000.0,0.00093477,BID,106979000.0,106980000.0,0.08423698,0.01595339,1.73930061,7.03900243
2026-09-08 13:41:59.985089,KRW-BTC,106979000.0,0.00676954,BID,106979000.0,106980000.0,0.08423698,0.01595339,1.73930061,7.03900243
2026-09-08 13:42:04.555451,KRW-BTC,106979000.0,0.08423698,ASK,106976000.0,106979000.0,0.1384089,0.27155481,1.66602983,7.75713261
2026-09-08 13:42:04.556437,KRW-BTC,106979000.0,0.00117148,ASK,106976000.0,106979000.0,0.1384089,0.27155481,1.66602983,7.75713261
2026-09-08 13:42:04.936133,KRW-BTC,106979000.0,0.00046062,BID,106976000.0,106979000.0,0.1384089,0.27155481,1.66659103,7.77057161
2026-09-08 13:42:06.622610,KRW-BTC,106979000.0,9.347e-05,BID,106976000.0,106979000.0,0.1384089,0.27109419,1.66659103,7.77011099
2026-09-08 13:42:10.461943,KRW-BTC,106976000.0,0.0006,ASK,106976000.0,106979000.0,0.1378089,0.27100072,1.66599103,7.77001752
2026-09-08 13:42:10.683903,KRW-BTC,106976000.0,0.0008,ASK,106976000.0,106979000.0,0.1370089,0.27100072,1.66519103,7.77001752
2026-09-08 13:42:11.352436,KRW-BTC,106979000.0,0.27100072,BID,106979000.0,106980000.0,5.968769,0.01595339,7.63339883,7.5069368
2026-09-08 13:42:11.411739,KRW-BTC,106979000.0,0.0006,ASK,106979000.0,106980000.0,5.968769,0.01595339,7.63339883,7.5069368
2026-09-08 13:42:12.032775,KRW-BTC,106979000.0,0.0006,ASK,106979000.0,106980000.0,5.968169,0.01595339,7.59230711,7.5758568
2026-09-08 13:42:14.582124,KRW-BTC,106979000.0,0.0006,ASK,106979000.0,106980000.0,5.966969,0.01595339,7.59110711,7.5758568
2026-09-08 13:42:18.967992,KRW-BTC,106980000.0,0.01259289,BID,106979000.0,106980000.0,5.966969,0.02123422,7.59110711,7.58113763
2026-09-08 13:42:18.969875,KRW-BTC,106980000.0,0.0033605,BID,106979000.0,106980000.0,5.966969,0.02123422,7.59110711,7.58113763
2026-09-08 13:42:18.971552,KRW-BTC,106980000.0,0.00528083,BID,106979000.0,106980000.0,5.966969,0.02123422,7.59110711,7.58113763
2026-09-08 13:42:18.972523,KRW-BTC,106981000.0,0.97876578,BID,106979000.0,106980000.0,5.966969,0.02123422,7.59110711,7.58113763
2026-09-08 13:42:19.101322,KRW-BTC,106980000.0,0.00373905,ASK,106980000.0,106981000.0,0.00373905,0.82397766,7.57362377,6.60113763
2026-09-08 13:42:19.102803,KRW-BTC,106979000.0,0.07212494,ASK,106980000.0,106981000.0,0.00373905,0.82397766,7.57362377,6.60113763
2026-09-08 13:42:21.863093,KRW-BTC,106979000.0,0.00182217,ASK,106979000.0,106981000.0,5.89302189,0.82397766,7.51716,6.60113763
2026-09-08 13:42:23.159235,KRW-BTC,106981000.0,0.00093474,BID,106979000.0,106981000.0,5.89302189,0.82397766,7.51716,6.60113763
2026-09-08 13:42:32.532104,KRW-BTC,106979000.0,0.00740609,ASK,106979000.0,106981000.0,5.89365751,0.80915004,7.51779562,6.59916001
2026-09-08 13:42:33.432870,KRW-BTC,106981000.0,0.01,BID,106979000.0,106981000.0,5.88625142,0.80915004,7.51506347,6.59916001
2026-09-08 13:42:36.378012,KRW-BTC,106979000.0,0.0016,ASK,106979000.0,106981000.0,5.88465142,0.79915004,7.51346347,6.69545736
2026-09-08 13:42:36.609751,KRW-BTC,106981000.0,5.141e-05,BID,106979000.0,106981000.0,5.88465142,0.79915004,7.51346347,6.69545736
2026-09-08 13:42:37.021551,KRW-BTC,106981000.0,0.00023368,BID,106979000.0,106981000.0,5.88465142,0.79678524,7.51346347,6.29309256
2026-09-08 13:42:37.022516,KRW-BTC,106981000.0,7.01e-05,BID,106979000.0,106981000.0,5.88465142,0.79678524,7.51346347,6.29309256
2026-09-08 13:42:37.023575,KRW-BTC,106981000.0,4.673e-05,BID,106979000.0,106981000.0,5.88465142,0.79678524,7.51346347,6.29309256
2026-09-08 13:42:37.024231,KRW-BTC,106981000.0,4.673e-05,BID,106979000.0,106981000.0,5.88465142,0.79678524,7.51346347,6.29309256
2026-09-08 13:42:37.025114,KRW-BTC,106981000.0,9.347e-05,BID,106979000.0,106981000.0,5.88465142,0.79678524,7.51346347,6.29309256
2026-09-08 13:42:37.025655,KRW-BTC,106981000.0,9.347e-05,BID,106979000.0,106981000.0,5.88465142,0.79678524,7.51346347,6.29309256
2026-09-08 13:42:37.026475,KRW-BTC,106981000.0,4.673e-05,BID,106979000.0,106981000.0,5.88465142,0.79678524,7.51346347,6.29309256
2026-09-08 13:42:37.027236,KRW-BTC,106981000.0,7.01e-05,BID,106979000.0,106981000.0,5.88465142,0.79678524,7.51346347,6.29309256
2026-09-08 13:42:37.027801,KRW-BTC,106981000.0,9.347e-05,BID,106979000.0,106981000.0,5.88465142,0.79678524,7.51346347,6.29309256
2026-09-08 13:42:37.028539,KRW-BTC,106981000.0,0.00046737,BID,106979000.0,106981000.0,5.88465142,0.79678524,7.51346347,6.29309256
2026-09-08 13:42:37.029176,KRW-BTC,106981000.0,9.347e-05,BID,106979000.0,106981000.0,5.88465142,0.79678524,7.51346347,6.29309256
2026-09-08 13:42:37.029778,KRW-BTC,106981000.0,7.01e-05,BID,106979000.0,106981000.0,5.88465142,0.79678524,7.51346347,6.29309256
2026-09-08 13:42:37.070284,KRW-BTC,106981000.0,9.347e-05,BID,106979000.0,106981000.0,5.88465142,0.79678524,7.51346347,6.60804556
2026-09-08 13:42:37.071024,KRW-BTC,106981000.0,9.347e-05,BID,106979000.0,106981000.0,5.88465142,0.79678524,7.51346347,6.60804556
2026-09-08 13:42:37.071623,KRW-BTC,106981000.0,9.347e-05,BID,106979000.0,106981000.0,5.88465142,0.79678524,7.51346347,6.60804556
2026-09-08 13:42:37.072352,KRW-BTC,106981000.0,4.673e-05,BID,106979000.0,106981000.0,5.88465142,0.79678524,7.51346347,6.60804556
2026-09-08 13:42:37.072942,KRW-BTC,106981000.0,0.00023368,BID,106979000.0,106981000.0,5.88465142,0.79678524,7.51346347,6.60804556
2026-09-08 13:42:37.073592,KRW-BTC,106981000.0,0.00011684,BID,106979000.0,106981000.0,5.88465142,0.79678524,7.51346347,6.60804556
2026-09-08 13:42:37.074207,KRW-BTC,106981000.0,0.00011684,BID,106979000.0,106981000.0,5.88465142,0.79678524,7.51346347,6.60804556
2026-09-08 13:42:37.074887,KRW-BTC,106981000.0,9.347e-05,BID,106979000.0,106981000.0,5.88465142,0.79678524,7.51346347,6.60804556
2026-09-08 13:42:37.717061,KRW-BTC,106981000.0,0.00934745,BID,106979000.0,106981000.0,5.88465142,0.79678524,7.51346347,6.68288574
2026-09-08 13:42:38.070598,KRW-BTC,106981000.0,0.00467372,BID,106979000.0,106981000.0,5.88465142,0.78276407,7.51346347,6.68595362
2026-09-08 13:42:40.411936,KRW-BTC,106981000.0,0.27040557,BID,106979000.0,106981000.0,5.8851188,0.79506407,7.51393085,7.29831467
2026-09-08 13:42:45.054370,KRW-BTC,106981000.0,5.608e-05,BID,106979000.0,106981000.0,5.8851188,0.54979778,7.4859012,6.950546
2026-09-08 13:42:45.351502,KRW-BTC,106981000.0,0.00186949,BID,106979000.0,106981000.0,5.8851188,0.54792829,7.4859012,6.9371362
2026-09-08 13:42:45.404333,KRW-BTC,106981000.0,0.00467372,BID,106979000.0,106981000.0,5.8851188,0.54792829,7.4859012,6.9371362
2026-09-08 13:42:48.112631,KRW-BTC,106981000.0,0.02121862,BID,106979000.0,106981000.0,5.8851188,0.52203595,7.4859012,6.93563717
2026-09-08 13:42:48.434173,KRW-BTC,106979000.0,0.0123,ASK,106979000.0,106981000.0,5.8851188,0.50973595,7.4859012,6.92333717
2026-09-08 13:42:48.933166,KRW-BTC,106979000.0,0.0123,ASK,106979000.0,106981000.0,5.8728188,0.50973595,7.4737012,6.88609086
2026-09-08 13:42:49.130723,KRW-BTC,106979000.0,0.0105,ASK,106979000.0,106981000.0,5.8605188,0.50973595,7.4614012,6.88416328
2026-09-08 13:42:50.036492,KRW-BTC,106981000.0,0.00467372,BID,106979000.0,106981000.0,5.8500188,0.50973595,7.4509012,6.88416328
2026-09-08 13:42:51.587675,KRW-BTC,106981000.0,0.00025506,BID,106979000.0,106981000.0,5.85048618,0.50506223,7.45136858,6.87948956
2026-09-08 13:42:51.854846,KRW-BTC,106979000.0,0.00288579,ASK,106979000.0,106981000.0,5.84760039,0.50480717,7.44848279,6.80390539
2026-09-08 13:42:54.708076,KRW-BTC,106981000.0,0.02802834,BID,106979000.0,106981000.0,5.84769386,0.50480717,7.44857626,6.91869504
2026-09-08 13:42:56.214002,KRW-BTC,106981000.0,0.00021956,BID,106979000.0,106981000.0,5.848161,0.47677883,7.4490434,6.91066691
2026-09-08 13:43:01.391621,KRW-BTC,106979000.0,0.04673728,ASK,106979000.0,106981000.0,5.89556567,0.47655927,7.50111999,6.92330035
2026-09-08 13:43:02.623070,KRW-BTC,106981000.0,0.00514349,BID,106979000.0,106981000.0,5.89556567,0.47655927,7.50111999,6.92330035
2026-09-08 13:43:04.149095,KRW-BTC,106979000.0,0.00288579,ASK,106979000.0,106981000.0,5.89267988,0.47141578,7.4982342,6.91815686
2026-09-08 13:43:05.121826,KRW-BTC,106981000.0,0.00487002,BID,106979000.0,106981000.0,5.89267988,0.47141578,7.4982342,6.91815686
2026-09-08 13:43:05.423153,KRW-BTC,106981000.0,0.00333261,BID,106979000.0,106981000.0,5.89267988,0.46654576,7.4982342,6.90043384
2026-09-08 13:43:05.424501,KRW-BTC,106981000.0,0.0058801,BID,106979000.0,106981000.0,5.89267988,0.46654576,7.4982342,6.90043384
2026-09-08 13:43:05.425891,KRW-BTC,106981000.0,0.01869491,BID,106979000.0,106981000.0,5.89267988,0.46654576,7.4982342,6.90043384
2026-09-08 13:43:05.426983,KRW-BTC,106981000.0,0.01882965,BID,106979000.0,106981000.0,5.89267988,0.46654576,7.4982342,6.90043384
2026-09-08 13:43:07.593879,KRW-BTC,106981000.0,0.005302,BID,106979000.0,106981000.0,5.89267988,0.41980849,7.4982342,6.84654957
2026-09-08 13:43:07.750214,KRW-BTC,106981000.0,0.00248803,BID,106979000.0,106981000.0,5.89267988,0.41450649,7.4982342,6.84124757
2026-09-08 13:43:10.180564,KRW-BTC,106979000.0,0.000754,ASK,106979000.0,106981000.0,5.89267988,0.41201846,7.41056813,6.72929438
2026-09-08 13:43:20.660638,KRW-BTC,106981000.0,0.0129621,BID,106979000.0,106981000.0,5.89192588,0.39971069,7.40981413,6.71698665
2026-09-08 13:43:25.934285,KRW-BTC,106981000.0,9.347e-05,BID,106979000.0,106981000.0,5.90118464,0.39971069,7.41907289,6.74258778
2026-09-08 13:43:31.760349,KRW-BTC,106981000.0,0.00093474,BID,106979000.0,106981000.0,0.1055317,0.40967576,1.66284884,6.65748295
2026-09-08 13:43:35.225070,KRW-BTC,106981000.0,9.347e-05,BID,106979000.0,106981000.0,0.10576542,0.40967576,1.66298904,6.65748295
2026-09-08 13:43:35.778925,KRW-BTC,106979000.0,0.00063562,ASK,106970000.0,106981000.0,0.02042357,0.40958229,1.51442088,6.67712963
2026-09-08 13:43:35.780243,KRW-BTC,106979000.0,0.00046738,ASK,106970000.0,106981000.0,0.02042357,0.40958229,1.51442088,6.67712963
2026-09-08 13:43:35.855910,KRW-BTC,106979000.0,0.00046738,ASK,106970000.0,106981000.0,0.02042357,0.40958229,1.51442088,6.67712963
2026-09-08 13:43:35.857207,KRW-BTC,106979000.0,9.347e-05,ASK,106970000.0,106981000.0,0.02042357,0.40958229,1.51442088,6.67712963
2026-09-08 13:43:35.858368,KRW-BTC,106979000.0,0.00046714,ASK,106970000.0,106981000.0,0.02042357,0.40958229,1.51442088,6.67712963
2026-09-08 13:43:35.859482,KRW-BTC,106979000.0,0.09378198,ASK,106970000.0,106981000.0,0.02042357,0.40958229,1.51442088,6.67712963
2026-09-08 13:43:35.860837,KRW-BTC,106979000.0,0.00035997,ASK,106970000.0,106981000.0,0.02042357,0.40958229,1.51442088,6.67712963
2026-09-08 13:43:35.861986,KRW-BTC,106979000.0,0.00925876,ASK,106970000.0,106981000.0,0.02042357,0.40958229,1.51442088,6.67712963
2026-09-08 13:43:35.863141,KRW-BTC,106979000.0,0.00023372,ASK,106970000.0,106981000.0,0.02042357,0.40958229,1.51442088,6.67712963
2026-09-08 13:43:35.863708,KRW-BTC,106976000.0,0.0030848,ASK,106970000.0,106981000.0,0.02042357,0.40958229,1.51442088,6.67712963
2026-09-08 13:43:35.864438,KRW-BTC,106976000.0,0.01822838,ASK,106970000.0,106981000.0,0.02042357,0.40958229,1.51442088,6.67712963
2026-09-08 13:43:35.865139,KRW-BTC,106976000.0,0.00467394,ASK,106970000.0,106981000.0,0.02042357,0.40958229,1.51442088,6.67712963
2026-09-08 13:43:35.971833,KRW-BTC,106981000.0,0.07973769,BID,106952000.0,106981000.0,0.00967722,0.30958229,1.54050644,6.53149321
2026-09-08 13:43:35.972717,KRW-BTC,106981000.0,0.02026231,BID,106952000.0,106981000.0,0.00967722,0.30958229,1.54050644,6.53149321
2026-09-08 13:43:35.973413,KRW-BTC,106970000.0,0.00934841,ASK,106952000.0,106981000.0,0.00967722,0.30958229,1.54050644,6.53149321
2026-09-08 13:43:35.974271,KRW-BTC,106970000.0,0.01107516,ASK,106952000.0,106981000.0,0.00967722,0.30958229,1.54050644,6.53149321
2026-09-08 13:43:35.975047,KRW-BTC,106969000.0,0.00467425,ASK,106952000.0,106981000.0,0.00967722,0.30958229,1.54050644,6.53149321
2026-09-08 13:43:35.975706,KRW-BTC,106969000.0,0.00467192,ASK,106952000.0,106981000.0,0.00967722,0.30958229,1.54050644,6.53149321
2026-09-08 13:43:36.263185,KRW-BTC,106952000.0,0.00032724,ASK,106952000.0,106980000.0,0.00967722,0.02564521,1.54050644,6.84352123
2026-09-08 13:43:36.264792,KRW-BTC,106952000.0,0.00934998,ASK,106952000.0,106980000.0,0.00967722,0.02564521,1.54050644,6.84352123
2026-09-08 13:43:36.453121,KRW-BTC,106980000.0,0.003,BID,106951000.0,106980000.0,0.00612947,0.02264521,1.55104856,7.08719168
2026-09-08 13:43:36.851074,KRW-BTC,106980000.0,0.00023374,BID,106951000.0,106980000.0,0.00612947,0.02070521,1.55104856,6.69810468
2026-09-08 13:43:36.852994,KRW-BTC,106980000.0,9.349e-05,BID,106951000.0,106980000.0,0.00612947,0.02070521,1.55104856,6.69810468
2026-09-08 13:43:36.854499,KRW-BTC,106980000.0,4.674e-05,BID,106951000.0,106980000.0,0.00612947,0.02070521,1.55104856,6.69810468
2026-09-08 13:43:36.856060,KRW-BTC,106980000.0,0.00023374,BID,106951000.0,106980000.0,0.00612947,0.02070521,1.55104856,6.69810468
2026-09-08 13:43:36.856784,KRW-BTC,106980000.0,0.00011687,BID,106951000.0,106980000.0,0.00612947,0.02070521,1.55104856,6.69810468
2026-09-08 13:43:37.100911,KRW-BTC,106980000.0,7.012e-05,BID,106951000.0,106980000.0,0.00612947,0.02070521,1.55104856,6.69810468
2026-09-08 13:43:37.101762,KRW-BTC,106980000.0,7.012e-05,BID,106951000.0,106980000.0,0.00612947,0.02070521,1.55104856,6.69810468
2026-09-08 13:43:37.102372,KRW-BTC,106980000.0,9.349e-05,BID,106951000.0,106980000.0,0.00612947,0.02070521,1.55104856,6.69810468
2026-09-08 13:43:37.102947,KRW-BTC,106980000.0,9.349e-05,BID,106951000.0,106980000.0,0.00612947,0.02070521,1.55104856,6.69810468
2026-09-08 13:43:37.103587,KRW-BTC,106980000.0,0.00011687,BID,106951000.0,106980000.0,0.00612947,0.02070521,1.55104856,6.69810468
2026-09-08 13:43:37.104267,KRW-BTC,106980000.0,9.349e-05,BID,106951000.0,106980000.0,0.00612947,0.02070521,1.55104856,6.69810468
2026-09-08 13:43:37.104812,KRW-BTC,106980000.0,0.00046749,BID,106951000.0,106980000.0,0.00612947,0.02070521,1.55104856,6.69810468
2026-09-08 13:43:37.105413,KRW-BTC,106980000.0,9.349e-05,BID,106951000.0,106980000.0,0.00612947,0.02070521,1.55104856,6.69810468
2026-09-08 13:43:37.106079,KRW-BTC,106980000.0,4.674e-05,BID,106951000.0,106980000.0,0.00612947,0.02070521,1.55104856,6.69810468
2026-09-08 13:43:37.106720,KRW-BTC,106980000.0,7.012e-05,BID,106951000.0,106980000.0,0.00612947,0.02070521,1.55104856,6.69810468
2026-09-08 13:43:37.107276,KRW-BTC,106980000.0,4.674e-05,BID,106951000.0,106980000.0,0.00612947,0.02070521,1.55104856,6.69810468
2026-09-08 13:43:37.107846,KRW-BTC,106980000.0,9.349e-05,BID,106951000.0,106980000.0,0.00612947,0.02070521,1.55104856,6.69810468
2026-09-08 13:43:37.108582,KRW-BTC,106980000.0,4.674e-05,BID,106951000.0,106980000.0,0.00612947,0.02051824,1.55136225,6.68171771
2026-09-08 13:43:42.269739,KRW-BTC,106951000.0,5.193e-05,ASK,106951000.0,106979000.0,0.00522947,0.01563282,1.55014856,7.12749729
2026-09-08 13:43:42.271356,KRW-BTC,106951000.0,0.00084807,ASK,106951000.0,106979000.0,0.00522947,0.01563282,1.55014856,7.12749729
2026-09-08 13:43:42.389747,KRW-BTC,106951000.0,0.00289196,ASK,106951000.0,106979000.0,0.00522947,0.01563282,1.55014856,7.12749729
2026-09-08 13:43:42.391513,KRW-BTC,106951000.0,0.00233751,ASK,106951000.0,106979000.0,0.00522947,0.01563282,1.55014856,7.12749729
2026-09-08 13:43:42.393265,KRW-BTC,106950000.0,0.02057053,ASK,106951000.0,106979000.0,0.00522947,0.01563282,1.55014856,7.12749729
2026-09-08 13:43:44.139080,KRW-BTC,106979000.0,0.01,BID,106950000.0,106979000.0,0.15534997,0.01563282,1.53940834,7.12749729
2026-09-08 13:43:44.305950,KRW-BTC,106979000.0,0.00056085,BID,106950000.0,106979000.0,0.15534997,0.00188581,1.53940834,7.11375028
2026-09-08 13:43:50.108578,KRW-BTC,106951000.0,0.00253449,ASK,106951000.0,106979000.0,0.00467271,0.0123,1.52946496,7.19811654
2026-09-08 13:43:53.582694,KRW-BTC,106977000.0,0.0123,BID,106979000.0,106980000.0,0.9877,0.03421015,2.54110258,7.17487216
2026-09-08 13:43:53.671300,KRW-BTC,106979000.0,0.9877,ASK,106951000.0,106980000.0,0.00213822,0.03421015,1.57362192,7.26035016
2026-09-08 13:43:54.454759,KRW-BTC,106980000.0,0.00237529,BID,106951000.0,106980000.0,0.00213822,0.04413486,1.57362192,7.29207732
2026-09-08 13:44:07.859534,KRW-BTC,106980000.0,4.72e-05,BID,106951000.0,106980000.0,0.00213822,0.03178766,1.5580974,6.42916094
2026-09-08 13:44:08.221364,KRW-BTC,106980000.0,9.347e-05,BID,106951000.0,106980000.0,0.00213822,0.03178766,1.5580974,6.42384468
2026-09-08 13:44:09.889528,KRW-BTC,106980000.0,4.675e-05,BID,106951000.0,106980000.0,0.00213822,0.03164744,1.56511094,6.35757145
2026-09-08 13:44:10.856419,KRW-BTC,106980000.0,9.347e-05,BID,106951000.0,106980000.0,0.00213822,0.03155397,1.58530123,6.35747798
2026-09-08 13:44:11.524699,KRW-BTC,106980000.0,0.00018686,BID,106951000.0,106980000.0,0.01786846,0.03155397,1.60103147,6.35747798
2026-09-08 13:44:11.978428,KRW-BTC,106980000.0,0.0018695,BID,106951000.0,106980000.0,0.01786846,0.02949761,1.60103147,6.35542162
2026-09-08 13:44:16.140626,KRW-BTC,106980000.0,0.00032549,BID,106951000.0,106980000.0,0.01786846,0.02949761,1.60301583,6.37226833
2026-09-08 13:44:21.230648,KRW-BTC,106980000.0,0.00046737,BID,106951000.0,106980000.0,0.02300973,0.03783122,1.62042242,6.40354727
2026-09-08 13:44:21.874275,KRW-BTC,106980000.0,0.02842154,BID,106951000.0,106981000.0,0.02300973,0.29694614,1.62042242,6.3558399
2026-09-08 13:44:21.876057,KRW-BTC,106980000.0,0.00028321,BID,106951000.0,106981000.0,0.02300973,0.29694614,1.62042242,6.3558399
2026-09-08 13:44:21.877614,KRW-BTC,106980000.0,0.00772434,BID,106951000.0,106981000.0,0.02300973,0.29694614,1.62042242,6.3558399
2026-09-08 13:44:21.879272,KRW-BTC,106980000.0,0.00093476,BID,106951000.0,106981000.0,0.02300973,0.29694614,1.62042242,6.3558399
2026-09-08 13:44:21.883508,KRW-BTC,106981000.0,0.01263615,BID,106951000.0,106981000.0,0.02300973,0.29694614,1.62042242,6.3558399
2026-09-08 13:44:22.350244,KRW-BTC,106951000.0,0.00213822,ASK,106951000.0,106981000.0,0.01230479,0.29694614,1.62996581,6.3558399
2026-09-08 13:44:22.369319,KRW-BTC,106951000.0,0.00856672,ASK,106951000.0,106981000.0,0.01230479,0.29694614,1.62996581,6.3558399
2026-09-08 13:44:23.660033,KRW-BTC,106980000.0,0.00047,ASK,106951000.0,106981000.0,0.00604312,0.29694614,1.6037169,6.35597366
2026-09-08 13:44:23.661685,KRW-BTC,106951000.0,0.00626167,ASK,106951000.0,106981000.0,0.00604312,0.29694614,1.6037169,6.35597366
2026-09-08 13:44:29.852841,KRW-BTC,106981000.0,0.07116123,BID,106951000.0,106981000.0,0.06117391,0.22578491,1.67900254,6.28481243
2026-09-08 13:44:30.007882,KRW-BTC,106951000.0,0.00090185,ASK,106951000.0,106981000.0,0.06117391,0.22578491,1.67900254,6.28481243
2026-09-08 13:44:30.009481,KRW-BTC,106951000.0,0.00190242,ASK,106951000.0,106981000.0,0.06117391,0.22578491,1.67900254,6.28481243
2026-09-08 13:44:36.217944,KRW-BTC,106951000.0,0.00277135,ASK,106951000.0,106981000.0,0.06781321,0.22578491,1.66564742,6.65403509
2026-09-08 13:44:36.219520,KRW-BTC,106951000.0,0.0004675,ASK,106951000.0,106981000.0,0.06781321,0.22578491,1.66564742,6.65403509
2026-09-08 13:44:36.221009,KRW-BTC,106951000.0,7.834e-05,ASK,106951000.0,106981000.0,0.06781321,0.22578491,1.66564742,6.65403509
2026-09-08 13:44:36.933694,KRW-BTC,106981000.0,9.35e-05,BID,106951000.0,106981000.0,0.06449602,0.22578491,1.66233023,6.65403509
2026-09-08 13:44:36.935245,KRW-BTC,106981000.0,9.35e-05,BID,106951000.0,106981000.0,0.06449602,0.22578491,1.66233023,6.65403509
2026-09-08 13:44:36.936862,KRW-BTC,106981000.0,9.35e-05,BID,106951000.0,106981000.0,0.06449602,0.22578491,1.66233023,6.65403509
2026-09-08 13:44:36.938864,KRW-BTC,106981000.0,0.00011687,BID,106951000.0,106981000.0,0.06449602,0.22578491,1.66233023,6.65403509
2026-09-08 13:44:36.955077,KRW-BTC,106981000.0,9.35e-05,BID,106951000.0,106981000.0,0.06449602,0.22337731,1.66233023,6.65162749
2026-09-08 13:44:36.957028,KRW-BTC,106981000.0,4.675e-05,BID,106951000.0,106981000.0,0.06449602,0.22337731,1.66233023,6.65162749
2026-09-08 13:44:36.957999,KRW-BTC,106981000.0,4.675e-05,BID,106951000.0,106981000.0,0.06449602,0.22337731,1.66233023,6.65162749
2026-09-08 13:44:36.963346,KRW-BTC,106981000.0,7.012e-05,BID,106951000.0,106981000.0,0.06449602,0.22337731,1.66233023,6.65162749
2026-09-08 13:44:36.964007,KRW-BTC,106981000.0,0.00023375,BID,106951000.0,106981000.0,0.06449602,0.22337731,1.66233023,6.65162749
2026-09-08 13:44:36.965117,KRW-BTC,106981000.0,7.012e-05,BID,106951000.0,106981000.0,0.06449602,0.22337731,1.66233023,6.65162749
2026-09-08 13:44:36.971788,KRW-BTC,106981000.0,9.35e-05,BID,106951000.0,106981000.0,0.06449602,0.22337731,1.66233023,6.65162749
2026-09-08 13:44:36.973101,KRW-BTC,106981000.0,9.35e-05,BID,106951000.0,106981000.0,0.06449602,0.22337731,1.66233023,6.65162749
2026-09-08 13:44:36.975043,KRW-BTC,106981000.0,4.675e-05,BID,106951000.0,106981000.0,0.06449602,0.22337731,1.66233023,6.65162749
2026-09-08 13:44:36.975864,KRW-BTC,106981000.0,0.00023375,BID,106951000.0,106981000.0,0.06449602,0.22337731,1.66233023,6.65162749
2026-09-08 13:44:36.987740,KRW-BTC,106981000.0,9.35e-05,BID,106951000.0,106981000.0,0.06449602,0.22337731,1.66233023,6.65162749
2026-09-08 13:44:36.988528,KRW-BTC,106981000.0,0.00011687,BID,106951000.0,106981000.0,0.06449602,0.22337731,1.66233023,6.65162749
2026-09-08 13:44:36.989136,KRW-BTC,106981000.0,0.0004675,BID,106951000.0,106981000.0,0.06449602,0.22337731,1.66233023,6.65162749
2026-09-08 13:44:36.989792,KRW-BTC,106981000.0,9.35e-05,BID,106951000.0,106981000.0,0.06449602,0.22337731,1.66233023,6.65162749
2026-09-08 13:44:36.990318,KRW-BTC,106981000.0,7.012e-05,BID,106951000.0,106981000.0,0.06449602,0.22337731,1.66233023,6.65162749
2026-09-08 13:44:36.991090,KRW-BTC,106981000.0,4.675e-05,BID,106951000.0,106981000.0,0.06449602,0.22337731,1.66233023,6.65162749
2026-09-08 13:44:36.991718,KRW-BTC,106981000.0,9.35e-05,BID,106951000.0,106981000.0,0.06449602,0.22337731,1.66233023,6.65162749
2026-09-08 13:44:37.012261,KRW-BTC,106981000.0,9.35e-05,BID,106951000.0,106981000.0,0.06449602,0.22337731,1.66233023,6.65162749
2026-09-08 13:44:37.012961,KRW-BTC,106981000.0,9.35e-05,BID,106951000.0,106981000.0,0.06449602,0.22337731,1.66233023,6.65162749
2026-09-08 13:44:44.521882,KRW-BTC,106951000.0,1.541e-05,ASK,106951000.0,106981000.0,0.35476453,0.22319031,1.93649097,6.72008718
2026-09-08 13:44:44.523505,KRW-BTC,106951000.0,0.00187001,ASK,106951000.0,106981000.0,0.35476453,0.22319031,1.93649097,6.72008718
2026-09-08 13:44:44.525571,KRW-BTC,106951000.0,1.657e-05,ASK,106951000.0,106981000.0,0.35476453,0.22319031,1.93649097,6.72008718
2026-09-08 13:44:51.851783,KRW-BTC,106959000.0,0.00028048,ASK,106951000.0,106981000.0,0.34249413,0.22319031,1.92776372,6.74473241
2026-09-08 13:44:51.853419,KRW-BTC,106952000.0,0.00530761,ASK,106951000.0,106981000.0,0.34249413,0.22319031,1.92776372,6.74473241
2026-09-08 13:44:51.859642,KRW-BTC,106951000.0,0.01141191,ASK,106951000.0,106981000.0,0.34249413,0.22319031,1.92776372,6.74473241
2026-09-08 13:44:54.246948,KRW-BTC,106951000.0,0.0009,ASK,106951000.0,106981000.0,0.34087463,0.22319031,1.93082017,6.74464797
2026-09-08 13:44:54.280443,KRW-BTC,106951000.0,0.001,ASK,106951000.0,106981000.0,0.34087463,0.22319031,1.93082017,6.74464797
2026-09-08 13:44:58.337590,KRW-BTC,106981000.0,0.00095,BID,106951000.0,106981000.0,0.33992463,0.22224031,1.93987017,3.12744707
2026-09-08 13:44:58.659118,KRW-BTC,106981000.0,0.00093428,BID,106951000.0,106981000.0,0.33992463,0.22130603,1.93987017,3.12464479
2026-09-08 13:44:59.727937,KRW-BTC,106980000.0,0.00093475,ASK,106980000.0,106981000.0,0.00093475,0.21031275,1.92048558,11.85555187
2026-09-08 13:44:59.730008,KRW-BTC,106951000.0,0.00093527,ASK,106980000.0,106981000.0,0.00093475,0.21031275,1.92048558,11.85555187
2026-09-08 13:45:00.088095,KRW-BTC,106981000.0,0.000187,BID,106951000.0,106981000.0,0.33898936,0.21012575,1.9389349,11.7948442
2026-09-08 13:45:03.240314,KRW-BTC,106980000.0,9.347e-05,BID,106951000.0,106980000.0,0.33898936,0.00015861,1.93987017,11.75313017
2026-09-08 13:45:06.631569,KRW-BTC,106980000.0,6.514e-05,BID,106951000.0,106980000.0,0.33945686,6.514e-05,1.93472646,11.7552367
2026-09-08 13:45:06.633148,KRW-BTC,106981000.0,0.0008696,BID,106951000.0,106980000.0,0.33945686,6.514e-05,1.93472646,11.7552367
2026-09-08 13:45:07.446442,KRW-BTC,106980000.0,9.347e-05,ASK,106980000.0,106981000.0,0.00084179,0.20925615,1.927404,11.73053527
2026-09-08 13:45:10.258328,KRW-BTC,106980000.0,0.00084179,ASK,106951000.0,106980000.0,0.34908743,0.01015149,1.94716205,11.71587345
2026-09-08 13:45:12.411018,KRW-BTC,106951000.0,0.00373901,ASK,106951000.0,106980000.0,0.34908743,0.01048969,1.95183756,11.74330371
2026-09-08 13:45:15.590939,KRW-BTC,106980000.0,0.00046737,BID,106951000.0,106980000.0,0.34534842,0.01002232,1.94909855,11.74283634
2026-09-08 13:45:18.399756,KRW-BTC,106980000.0,0.00093475,BID,106951000.0,106980000.0,0.34534842,0.02810852,1.94909855,11.76092254
2026-09-08 13:45:22.377310,KRW-BTC,106951000.0,0.00935008,ASK,106951000.0,106980000.0,0.38786835,0.02904328,1.99161848,11.73256524
2026-09-08 13:45:33.396864,KRW-BTC,106980000.0,0.00874937,BID,106951000.0,106980000.0,0.38599834,0.03124328,1.99348878,11.76735059
2026-09-08 13:45:33.397751,KRW-BTC,106980000.0,0.0003382,BID,106951000.0,106980000.0,0.38599834,0.03124328,1.99348878,11.76735059
2026-09-08 13:45:33.398418,KRW-BTC,106980000.0,0.0180862,BID,106951000.0,106980000.0,0.38599834,0.03124328,1.99348878,11.76735059
2026-09-08 13:45:33.399470,KRW-BTC,106980000.0,0.00186951,BID,106951000.0,106980000.0,0.38599834,0.03124328,1.99348878,11.76735059
2026-09-08 13:45:33.400007,KRW-BTC,106980000.0,0.0022,BID,106951000.0,106980000.0,0.38599834,0.03124328,1.99348878,11.76735059
2026-09-08 13:45:33.400630,KRW-BTC,106981000.0,0.03229303,BID,106951000.0,106980000.0,0.38599834,0.03124328,1.99348878,11.76735059
2026-09-08 13:45:33.401268,KRW-BTC,106981000.0,0.00818589,BID,106951000.0,106980000.0,0.38599834,0.03124328,1.99348878,11.76735059
2026-09-08 13:45:33.401817,KRW-BTC,106981000.0,0.00485878,BID,106951000.0,106980000.0,0.38599834,0.03124328,1.99348878,11.76735059
2026-09-08 13:45:33.402291,KRW-BTC,106981000.0,0.01689385,BID,106951000.0,106980000.0,0.38599834,0.03124328,1.99348878,11.76735059
2026-09-08 13:45:38.436029,KRW-BTC,106980000.0,0.00046737,BID,106951000.0,106980000.0,0.38599834,0.0129621,1.9938025,11.69833517
2026-09-08 13:45:44.638457,KRW-BTC,106979000.0,0.00038786,BID,106951000.0,106979000.0,0.39738207,0.02374524,2.15488728,11.36325897
2026-09-08 13:45:52.095366,KRW-BTC,106951000.0,0.00018852,ASK,106951000.0,106980000.0,0.39738207,0.01342973,2.17715542,11.35522931
2026-09-08 13:45:55.658066,KRW-BTC,106979000.0,0.00487067,BID,106979000.0,106980000.0,0.00447695,0.01342973,2.1348921,11.35562931
2026-09-08 13:46:05.784613,KRW-BTC,106980000.0,0.000935,BID,106979000.0,106981000.0,0.02316286,0.1418343,2.29719507,2.34249354
2026-09-08 13:46:05.785489,KRW-BTC,106981000.0,0.01083947,BID,106979000.0,106981000.0,0.02316286,0.1418343,2.29719507,2.34249354
2026-09-08 13:46:06.287229,KRW-BTC,106979000.0,0.00447695,ASK,106951000.0,106979000.0,0.39719355,0.00437177,2.51844404,11.19472981
2026-09-08 13:46:06.289113,KRW-BTC,106979000.0,0.01868591,ASK,106951000.0,106979000.0,0.39719355,0.00437177,2.51844404,11.19472981
2026-09-08 13:46:06.658035,KRW-BTC,106951000.0,0.02543867,ASK,106951000.0,106979000.0,0.29269717,0.00437177,2.31721435,11.29356981
2026-09-08 13:46:06.659415,KRW-BTC,106951000.0,0.00935007,ASK,106951000.0,106979000.0,0.29269717,0.00437177,2.31721435,11.29356981
2026-09-08 13:46:06.660952,KRW-BTC,106951000.0,9.35e-05,ASK,106951000.0,106979000.0,0.29269717,0.00437177,2.31721435,11.29356981
2026-09-08 13:46:06.662983,KRW-BTC,106951000.0,0.0004675,ASK,106951000.0,106979000.0,0.29269717,0.00437177,2.31721435,11.29356981
2026-09-08 13:46:06.664958,KRW-BTC,106951000.0,0.0002805,ASK,106951000.0,106979000.0,0.29269717,0.00437177,2.31721435,11.29356981
2026-09-08 13:46:06.666565,KRW-BTC,106951000.0,0.06886614,ASK,106951000.0,106979000.0,0.29269717,0.00437177,2.31721435,11.29356981
2026-09-08 13:46:19.451751,KRW-BTC,106952000.0,0.00243095,ASK,106952000.0,106979000.0,0.00243095,0.00437177,2.33663626,11.69099405
2026-09-08 13:46:19.453574,KRW-BTC,106951000.0,0.00224408,ASK,106952000.0,106979000.0,0.00243095,0.00437177,2.33663626,11.69099405
2026-09-08 13:46:21.507289,KRW-BTC,106979000.0,0.00437177,BID,106951000.0,106981000.0,0.30914389,0.14102319,2.13709139,11.89814109
2026-09-08 13:46:21.507945,KRW-BTC,106981000.0,0.00081111,BID,106951000.0,106981000.0,0.30914389,0.14102319,2.13709139,11.89814109
2026-09-08 13:46:29.049982,KRW-BTC,106981000.0,0.00093474,BID,106951000.0,106981000.0,0.3110139,0.14008845,2.14292068,12.01554611
2026-09-08 13:46:30.601173,KRW-BTC,106981000.0,0.00093474,BID,106951000.0,106981000.0,0.3110139,0.14008845,2.14419293,12.01554611
2026-09-08 13:46:31.856401,KRW-BTC,106981000.0,0.00050601,BID,106966000.0,106981000.0,0.00093487,0.1386477,2.09575226,12.01410536
2026-09-08 13:46:32.142409,KRW-BTC,106966000.0,0.00093487,ASK,106966000.0,106981000.0,0.00093487,0.1386477,2.09575226,12.01410536
2026-09-08 13:46:32.144095,KRW-BTC,106951000.0,0.00556513,ASK,106966000.0,106981000.0,0.00093487,0.1386477,2.09575226,12.01410536
2026-09-08 13:46:32.606948,KRW-BTC,106981000.0,0.0186949,BID,106951000.0,106981000.0,0.30544877,0.1386477,2.1386278,12.01410536
2026-09-08 13:46:36.885535,KRW-BTC,106981000.0,9.347e-05,BID,106951000.0,106981000.0,0.30731785,0.11978923,2.14049688,11.99547919
2026-09-08 13:46:36.887040,KRW-BTC,106981000.0,7.01e-05,BID,106951000.0,106981000.0,0.30731785,0.11978923,2.14049688,11.99547919
2026-09-08 13:46:36.910421,KRW-BTC,106981000.0,4.673e-05,BID,106951000.0,106981000.0,0.30731785,0.11978923,2.14049688,11.99547919
2026-09-08 13:46:36.912288,KRW-BTC,106981000.0,9.347e-05,BID,106951000.0,106981000.0,0.30731785,0.11978923,2.14049688,11.99547919
2026-09-08 13:46:36.913703,KRW-BTC,106981000.0,4.673e-05,BID,106951000.0,106981000.0,0.30731785,0.11978923,2.14049688,11.99547919
2026-09-08 13:46:36.914524,KRW-BTC,106981000.0,7.01e-05,BID,106951000.0,106981000.0,0.30731785,0.11978923,2.14049688,11.99547919
2026-09-08 13:46:36.915816,KRW-BTC,106981000.0,9.347e-05,BID,106951000.0,106981000.0,0.30731785,0.11978923,2.14049688,11.99547919
2026-09-08 13:46:36.917269,KRW-BTC,106981000.0,9.347e-05,BID,106951000.0,106981000.0,0.30731785,0.11978923,2.14049688,11.99547919
2026-09-08 13:46:36.918629,KRW-BTC,106981000.0,4.673e-05,BID,106951000.0,106981000.0,0.30731785,0.11978923,2.14049688,11.99547919
2026-09-08 13:46:36.919288,KRW-BTC,106981000.0,9.347e-05,BID,106951000.0,106981000.0,0.30731785,0.11978923,2.14049688,11.99547919
2026-09-08 13:46:36.920345,KRW-BTC,106981000.0,9.347e-05,BID,106951000.0,106981000.0,0.30731785,0.11978923,2.14049688,11.99547919
2026-09-08 13:46:36.921150,KRW-BTC,106981000.0,0.00011684,BID,106951000.0,106981000.0,0.30731785,0.11978923,2.14049688,11.99547919
2026-09-08 13:46:36.921699,KRW-BTC,106981000.0,0.00070105,BID,106951000.0,106981000.0,0.30731785,0.11978923,2.14049688,11.99547919
2026-09-08 13:46:36.922294,KRW-BTC,106981000.0,9.347e-05,BID,106951000.0,106981000.0,0.30731785,0.11978923,2.14049688,11.99547919
2026-09-08 13:46:36.922932,KRW-BTC,106981000.0,0.00023368,BID,106951000.0,106981000.0,0.30731785,0.11978923,2.14049688,11.99547919
2026-09-08 13:46:36.923473,KRW-BTC,106981000.0,9.347e-05,BID,106951000.0,106981000.0,0.30731785,0.11978923,2.14049688,11.99547919
2026-09-08 13:46:36.924421,KRW-BTC,106981000.0,9.347e-05,BID,106951000.0,106981000.0,0.30731785,0.11978923,2.14049688,11.99547919
2026-09-08 13:46:36.925393,KRW-BTC,106981000.0,0.00023368,BID,106951000.0,106981000.0,0.30731785,0.11978923,2.14049688,11.99547919
2026-09-08 13:46:36.925996,KRW-BTC,106981000.0,4.673e-05,BID,106951000.0,106981000.0,0.30731785,0.11978923,2.14049688,11.99547919
2026-09-08 13:46:36.941573,KRW-BTC,106981000.0,9.347e-05,BID,106951000.0,106981000.0,0.30731785,0.11978923,2.14049688,11.99547919
2026-09-08 13:46:36.945019,KRW-BTC,106981000.0,0.00023368,BID,106951000.0,106981000.0,0.30731785,0.11978923,2.14049688,11.99547919
2026-09-08 13:46:36.964028,KRW-BTC,106981000.0,9.347e-05,BID,106951000.0,106981000.0,0.30731785,0.11978923,2.14049688,11.99547919
2026-09-08 13:46:38.248211,KRW-BTC,106981000.0,4.675e-05,BID,106955000.0,106981000.0,0.00093497,0.11703183,2.0927105,11.99272179
2026-09-08 13:46:42.454016,KRW-BTC,106981000.0,0.03545642,BID,106955000.0,106981000.0,0.00186994,0.08157541,2.09555354,11.95726537
2026-09-08 13:46:44.046360,KRW-BTC,106981000.0,0.00548234,BID,106955000.0,106981000.0,0.00186994,0.08157541,2.09745968,11.95726537
2026-09-08 13:46:44.048429,KRW-BTC,106981000.0,0.02804237,BID,106955000.0,106981000.0,0.00186994,0.08157541,2.09745968,11.95726537
2026-09-08 13:46:44.050112,KRW-BTC,106981000.0,0.00903896,BID,106955000.0,106981000.0,0.00186994,0.08157541,2.09745968,11.95726537
2026-09-08 13:46:44.052280,KRW-BTC,106981000.0,0.00744234,BID,106955000.0,106981000.0,0.00186994,0.08157541,2.09745968,11.95726537
2026-09-08 13:46:44.053590,KRW-BTC,106981000.0,7.054e-05,BID,106955000.0,106981000.0,0.00186994,0.08157541,2.09745968,11.95726537
2026-09-08 13:46:44.055118,KRW-BTC,106981000.0,0.02519536,BID,106955000.0,106981000.0,0.00186994,0.08157541,2.09745968,11.95726537
2026-09-08 13:46:44.056266,KRW-BTC,106981000.0,0.00065433,BID,106955000.0,106981000.0,0.00186994,0.08157541,2.09745968,11.95726537
2026-09-08 13:46:44.057199,KRW-BTC,106981000.0,0.00564917,BID,106955000.0,106981000.0,0.00186994,0.08157541,2.09745968,11.95726537
2026-09-08 13:46:44.425768,KRW-BTC,106981000.0,0.001,ASK,106981000.0,106999000.0,0.01190087,0.02858393,2.03171755,11.85504996
2026-09-08 13:46:45.203867,KRW-BTC,106981000.0,0.00472851,ASK,106981000.0,106999000.0,0.01090087,0.02858393,2.03076648,11.84219696
2026-09-08 13:46:48.145291,KRW-BTC,106999000.0,5.91e-05,BID,106981000.0,106999000.0,0.06506131,0.02852483,2.08492326,11.79106786
2026-09-08 13:46:48.186475,KRW-BTC,106999000.0,0.00018649,BID,106981000.0,106999000.0,0.06506131,0.02852483,2.08492326,11.79106786
2026-09-08 13:46:48.187153,KRW-BTC,106999000.0,0.00055931,BID,106981000.0,106999000.0,0.06506131,0.02852483,2.08492326,11.79106786
2026-09-08 13:46:55.356640,KRW-BTC,106999000.0,4.682e-05,BID,106990000.0,106999000.0,9.347e-05,0.02773221,2.07888531,10.74865814
2026-09-08 13:46:56.149826,KRW-BTC,106999000.0,0.00023364,BID,106990000.0,106999000.0,9.347e-05,0.02749857,2.07888531,10.7484245
2026-09-08 13:47:01.025162,KRW-BTC,106999000.0,6.905e-05,BID,106990000.0,106999000.0,9.347e-05,0.02749857,2.07880669,10.7484245
2026-09-08 13:47:02.238285,KRW-BTC,106999000.0,0.00873776,BID,106990000.0,106999000.0,9.347e-05,0.02742952,2.07880669,11.38335545
2026-09-08 13:47:02.240036,KRW-BTC,106999000.0,0.01869176,BID,106990000.0,106999000.0,9.347e-05,0.02742952,2.07880669,11.38335545
2026-09-08 13:47:04.090237,KRW-BTC,106999000.0,0.00204862,ASK,106999000.0,107000000.0,0.01806001,0.23994253,2.09281146,11.75954593
2026-09-08 13:47:04.366369,KRW-BTC,106999000.0,0.0027,ASK,106999000.0,107000000.0,0.01536001,0.23994253,2.09011146,11.12454593
2026-09-08 13:47:04.626734,KRW-BTC,106999000.0,0.0023,ASK,106999000.0,107000000.0,0.01536001,0.23994253,2.09011146,11.12454593
2026-09-08 13:47:04.868270,KRW-BTC,106999000.0,0.00195,ASK,106999000.0,107000000.0,0.01111001,0.23994253,2.08586146,11.12454593
2026-09-08 13:47:04.883794,KRW-BTC,106999000.0,0.0002,ASK,106999000.0,107000000.0,0.01111001,0.23994253,2.08586146,11.12454593
2026-09-08 13:47:05.036779,KRW-BTC,106999000.0,0.00121,ASK,106999000.0,107000000.0,0.01091001,0.23994253,2.08566146,11.12454593
2026-09-08 13:47:05.137376,KRW-BTC,106999000.0,0.00166,ASK,106999000.0,107000000.0,0.00970001,0.23994253,2.08445146,11.12454593
2026-09-08 13:47:05.354390,KRW-BTC,106999000.0,0.00102,ASK,106999000.0,107000000.0,0.00582001,0.23994253,2.08057146,11.12454593
2026-09-08 13:47:05.396430,KRW-BTC,106999000.0,0.0012,ASK,106999000.0,107000000.0,0.00582001,0.23994253,2.08057146,11.12454593
2026-09-08 13:47:11.085832,KRW-BTC,107000000.0,9.345e-05,BID,106999000.0,107000000.0,0.00975354,0.23994253,2.08506408,11.11140464
2026-09-08 13:47:11.308532,KRW-BTC,107000000.0,0.00019626,BID,106999000.0,107000000.0,0.00975354,0.23984908,2.08506408,11.11131119
2026-09-08 13:47:16.777231,KRW-BTC,107000000.0,0.00510887,BID,106999000.0,107000000.0,0.01022083,0.23965282,2.08362526,11.09774893
2026-09-08 13:47:16.778264,KRW-BTC,107000000.0,0.00019341,BID,106999000.0,107000000.0,0.01022083,0.23965282,2.08362526,11.09774893
2026-09-08 13:47:16.779198,KRW-BTC,107000000.0,9.67e-05,BID,106999000.0,107000000.0,0.01022083,0.23965282,2.08362526,11.09774893
2026-09-08 13:47:16.781008,KRW-BTC,107000000.0,0.02,BID,106999000.0,107000000.0,0.01022083,0.23965282,2.08362526,11.09774893
2026-09-08 13:47:16.781751,KRW-BTC,107000000.0,0.02123229,BID,106999000.0,107000000.0,0.01022083,0.23965282,2.08362526,11.09774893
2026-09-08 13:47:20.954639,KRW-BTC,106999000.0,0.00395177,ASK,106999000.0,107000000.0,0.00147421,0.19302155,2.07591523,11.05111766
2026-09-08 13:47:20.955660,KRW-BTC,106999000.0,0.00186824,ASK,106999000.0,107000000.0,0.00147421,0.19302155,2.07591523,11.05111766
2026-09-08 13:47:20.956967,KRW-BTC,106999000.0,0.00217999,ASK,106999000.0,107000000.0,0.00147421,0.19302155,2.07591523,11.05111766
2026-09-08 13:47:21.453038,KRW-BTC,106999000.0,0.00082001,ASK,106999000.0,107000000.0,0.00147421,0.19317155,2.07591523,11.05126766
2026-09-08 13:47:21.454311,KRW-BTC,106999000.0,0.00046729,ASK,106999000.0,107000000.0,0.00147421,0.19317155,2.07591523,11.05126766
2026-09-08 13:47:21.455146,KRW-BTC,106999000.0,0.00018691,ASK,106999000.0,107000000.0,0.00147421,0.19317155,2.07591523,11.05126766
2026-09-08 13:47:21.455977,KRW-BTC,106990000.0,9.347e-05,ASK,106999000.0,107000000.0,0.00147421,0.19317155,2.07591523,11.05126766
2026-09-08 13:47:21.456921,KRW-BTC,106989000.0,0.00934675,ASK,106999000.0,107000000.0,0.00147421,0.19317155,2.07591523,11.05126766
2026-09-08 13:47:21.458488,KRW-BTC,106981000.0,0.00617236,ASK,106999000.0,107000000.0,0.00147421,0.19317155,2.07591523,11.05126766
2026-09-08 13:47:21.459903,KRW-BTC,106981000.0,0.00280423,ASK,106999000.0,107000000.0,0.00147421,0.19317155,2.07591523,11.05126766
2026-09-08 13:47:21.460561,KRW-BTC,106981000.0,0.04225627,ASK,106999000.0,107000000.0,0.00147421,0.19317155,2.07591523,11.05126766
2026-09-08 13:47:22.407791,KRW-BTC,107000000.0,0.00467289,BID,106981000.0,107000000.0,0.01382845,0.19317155,2.04093005,11.08288766
2026-09-08 13:47:28.357450,KRW-BTC,106981000.0,0.0007799,ASK,106981000.0,107000000.0,0.01304855,0.19411426,2.0443334,11.09668337
2026-09-08 13:47:29.253788,KRW-BTC,107000000.0,0.00233528,BID,106981000.0,107000000.0,0.01304855,0.19177898,2.0443334,11.06567149
2026-09-08 13:47:30.485290,KRW-BTC,107000000.0,5.913e-05,BID,106981000.0,107000000.0,0.01304855,0.19171985,2.0443334,11.60994884
2026-09-08 13:47:31.735063,KRW-BTC,107000000.0,5.233e-05,BID,106981000.0,107000000.0,0.01304855,0.18641795,2.0443334,11.60709394
2026-09-08 13:47:35.318963,KRW-BTC,107000000.0,0.03738317,BID,106981000.0,107000000.0,0.01304855,0.19198122,2.0443334,11.71069721
2026-09-08 13:47:36.023699,KRW-BTC,107000000.0,0.00700934,BID,106981000.0,107000000.0,0.01304855,0.15459805,2.02167229,11.67331404
2026-09-08 13:47:37.476038,KRW-BTC,107000000.0,9.345e-05,BID,106981000.0,107000000.0,0.01304855,0.14187966,2.02187172,11.66059565
2026-09-08 13:47:37.498921,KRW-BTC,107000000.0,9.345e-05,BID,106981000.0,107000000.0,0.01304855,0.14187966,2.02187172,11.66059565
2026-09-08 13:47:37.500429,KRW-BTC,107000000.0,4.672e-05,BID,106981000.0,107000000.0,0.01304855,0.14187966,2.02187172,11.66059565
2026-09-08 13:47:37.501787,KRW-BTC,107000000.0,0.00011682,BID,106981000.0,107000000.0,0.01304855,0.14187966,2.02187172,11.66059565
2026-09-08 13:47:37.503716,KRW-BTC,107000000.0,0.00023364,BID,106981000.0,107000000.0,0.01304855,0.14187966,2.02187172,11.66059565
2026-09-08 13:47:37.505993,KRW-BTC,107000000.0,7.009e-05,BID,106981000.0,107000000.0,0.01304855,0.14187966,2.02187172,11.66059565
2026-09-08 13:47:37.508908,KRW-BTC,107000000.0,0.00023364,BID,106981000.0,107000000.0,0.01304855,0.14187966,2.02187172,11.66059565
2026-09-08 13:47:37.510731,KRW-BTC,107000000.0,4.672e-05,BID,106981000.0,107000000.0,0.01304855,0.14187966,2.02187172,11.66059565
2026-09-08 13:47:37.514756,KRW-BTC,107000000.0,7.009e-05,BID,106981000.0,107000000.0,0.01304855,0.14187966,2.02187172,11.66059565
2026-09-08 13:47:37.516168,KRW-BTC,107000000.0,4.672e-05,BID,106981000.0,107000000.0,0.01304855,0.14187966,2.02187172,11.66059565
2026-09-08 13:47:37.517900,KRW-BTC,107000000.0,0.00070093,BID,106981000.0,107000000.0,0.01304855,0.14187966,2.02187172,11.66059565
2026-09-08 13:47:37.519251,KRW-BTC,107000000.0,9.345e-05,BID,106981000.0,107000000.0,0.01304855,0.14187966,2.02187172,11.66059565
2026-09-08 13:47:37.520090,KRW-BTC,107000000.0,0.00023364,BID,106981000.0,107000000.0,0.01304855,0.14187966,2.02187172,11.66059565
2026-09-08 13:47:37.536054,KRW-BTC,107000000.0,9.345e-05,BID,106981000.0,107000000.0,0.01304855,0.14187966,2.02187172,11.66059565
2026-09-08 13:47:37.560550,KRW-BTC,107000000.0,9.345e-05,BID,106981000.0,107000000.0,0.01304855,0.13956668,2.02187172,11.65828267
2026-09-08 13:47:37.562003,KRW-BTC,107000000.0,9.345e-05,BID,106981000.0,107000000.0,0.01304855,0.13956668,2.02187172,11.65828267
2026-09-08 13:47:37.563752,KRW-BTC,107000000.0,4.672e-05,BID,106981000.0,107000000.0,0.01304855,0.13956668,2.02187172,11.65828267
2026-09-08 13:47:39.913203,KRW-BTC,107000000.0,0.0233528,BID,106981000.0,107000000.0,0.01304855,0.13968565,2.02191857,11.65840164
2026-09-08 13:47:40.048866,KRW-BTC,107000000.0,4.672e-05,BID,106981000.0,107000000.0,0.01398282,0.11628613,2.04615896,11.63500212
2026-09-08 13:47:41.056002,KRW-BTC,106981000.0,0.0056156,ASK,106981000.0,107000000.0,0.00836722,0.11628613,2.04054336,11.63500212
2026-09-08 13:47:43.537875,KRW-BTC,107000000.0,4.673e-05,BID,106981000.0,107000000.0,0.00836722,0.1209123,2.42088792,2.33141253
2026-09-08 13:47:47.245774,KRW-BTC,107000000.0,0.02837681,BID,106981000.0,107000000.0,0.00836722,0.09222179,2.43582299,2.70386102
2026-09-08 13:47:49.409846,KRW-BTC,107000000.0,0.02837681,BID,106981000.0,107000000.0,0.00836722,0.09310817,2.49291365,2.67480216
2026-09-08 13:47:50.051844,KRW-BTC,107000000.0,0.00984964,BID,106981000.0,107000000.0,0.00961471,0.08325853,2.45184323,2.66495252
2026-09-08 13:47:59.974505,KRW-BTC,107000000.0,9.345e-05,BID,106981000.0,107000000.0,0.01242214,0.08316508,2.41420938,11.50293965
2026-09-08 13:47:59.982760,KRW-BTC,107000000.0,9.345e-05,BID,106981000.0,107000000.0,0.01242214,0.08316508,2.41420938,11.50293965
2026-09-08 13:48:02.124501,KRW-BTC,106981000.0,0.00524274,ASK,106981000.0,107000000.0,0.01242214,0.08725805,2.41430291,11.51746504
2026-09-08 13:48:02.124639,KRW-BTC,106981000.0,0.00524274,ASK,106981000.0,107000000.0,0.01242214,0.08725805,2.41430291,11.51746504
2026-09-08 13:48:11.144441,KRW-BTC,106981000.0,0.00219021,ASK,106981000.0,107000000.0,0.00376201,0.09427718,2.5131262,11.41407861
2026-09-08 13:48:11.146173,KRW-BTC,106981000.0,0.00093427,ASK,106981000.0,107000000.0,0.00376201,0.09427718,2.5131262,11.41407861
2026-09-08 13:48:11.147849,KRW-BTC,106981000.0,0.00124749,ASK,106981000.0,107000000.0,0.00376201,0.09427718,2.5131262,11.41407861
2026-09-08 13:48:11.149639,KRW-BTC,106981000.0,0.00114319,ASK,106981000.0,107000000.0,0.00376201,0.09427718,2.5131262,11.41407861
2026-09-08 13:48:11.151569,KRW-BTC,106981000.0,0.00219021,ASK,106981000.0,107000000.0,0.00376201,0.09427718,2.5131262,11.41407861
2026-09-08 13:48:11.153165,KRW-BTC,106981000.0,0.00093427,ASK,106981000.0,107000000.0,0.00376201,0.09427718,2.5131262,11.41407861
2026-09-08 13:48:11.361951,KRW-BTC,106981000.0,0.00124749,ASK,106981000.0,107000000.0,0.00376201,0.09427718,2.5131262,11.41407861
2026-09-08 13:48:11.362802,KRW-BTC,106981000.0,0.00114319,ASK,106981000.0,107000000.0,0.00376201,0.09427718,2.5131262,11.41407861
2026-09-08 13:48:14.086625,KRW-BTC,107000000.0,0.00077237,BID,106981000.0,107000000.0,0.00376201,0.09427718,2.46029761,11.41407861
2026-09-08 13:48:14.091743,KRW-BTC,107000000.0,0.00077237,BID,106981000.0,107000000.0,0.00376201,0.09427718,2.46029761,11.41407861
2026-09-08 13:48:22.196195,KRW-BTC,107000000.0,0.00444528,BID,106981000.0,107000000.0,0.00391156,0.46002826,2.46044716,11.76644234
2026-09-08 13:48:22.268639,KRW-BTC,107000000.0,0.00280373,BID,106981000.0,107000000.0,0.00391156,0.46002826,2.46044716,11.76644234
2026-09-08 13:48:22.268937,KRW-BTC,107000000.0,0.00444528,BID,106981000.0,107000000.0,0.00391156,0.46002826,2.46044716,11.76644234
2026-09-08 13:48:22.272311,KRW-BTC,107000000.0,0.00280373,BID,106981000.0,107000000.0,0.00391156,0.45277925,2.46044716,11.75919333
2026-09-08 13:48:23.478979,KRW-BTC,107000000.0,4.674e-05,BID,106981000.0,107000000.0,0.00391156,0.48101268,2.46049716,11.78742676
2026-09-08 13:48:23.479356,KRW-BTC,107000000.0,4.674e-05,BID,106981000.0,107000000.0,0.00391156,0.48101268,2.46049716,11.78742676
2026-09-08 13:48:26.328703,KRW-BTC,106981000.0,0.00166424,ASK,106981000.0,107000000.0,0.00391156,0.48101268,2.45103746,11.78742676
2026-09-08 13:48:26.329534,KRW-BTC,106981000.0,0.00116303,ASK,106981000.0,107000000.0,0.00391156,0.48101268,2.45103746,11.78742676
2026-09-08 13:48:26.330159,KRW-BTC,106981000.0,0.00166424,ASK,106981000.0,107000000.0,0.00391156,0.48101268,2.45103746,11.78742676
2026-09-08 13:48:26.330362,KRW-BTC,106981000.0,0.00093474,ASK,106981000.0,107000000.0,0.00391156,0.48101268,2.45103746,11.78742676
2026-09-08 13:48:26.330838,KRW-BTC,106981000.0,0.00116303,ASK,106981000.0,107000000.0,0.00391156,0.48101268,2.45103746,11.78742676
2026-09-08 13:48:26.331826,KRW-BTC,106981000.0,0.00093474,ASK,106981000.0,107000000.0,0.00391156,0.48101268,2.45103746,11.78742676
2026-09-08 13:48:26.331925,KRW-BTC,106981000.0,9.347e-05,ASK,106981000.0,107000000.0,0.00391156,0.48101268,2.45103746,11.78742676
2026-09-08 13:48:26.332908,KRW-BTC,106981000.0,5.608e-05,ASK,106981000.0,107000000.0,0.00391156,0.48101268,2.45103746,11.78742676
2026-09-08 13:48:26.333832,KRW-BTC,106971000.0,9.347e-05,ASK,106981000.0,107000000.0,0.00391156,0.48101268,2.45103746,11.78742676
2026-09-08 13:48:26.334381,KRW-BTC,106970000.0,0.00046742,ASK,106981000.0,107000000.0,0.00391156,0.48101268,2.45103746,11.78742676
2026-09-08 13:48:26.335215,KRW-BTC,106970000.0,0.28037383,ASK,106981000.0,107000000.0,0.00391156,0.48101268,2.45103746,11.78742676
2026-09-08 13:48:26.335979,KRW-BTC,106970000.0,5e-05,ASK,106981000.0,107000000.0,0.00391156,0.48101268,2.45103746,11.78742676
2026-09-08 13:48:26.336596,KRW-BTC,106957000.0,0.00878733,ASK,106981000.0,107000000.0,0.00391156,0.48101268,2.45103746,11.78742676
2026-09-08 13:48:26.342206,KRW-BTC,106956000.0,0.00093449,ASK,106981000.0,107000000.0,0.00391156,0.48101268,2.45103746,11.78742676
2026-09-08 13:48:26.343312,KRW-BTC,106955000.0,0.00093497,ASK,106981000.0,107000000.0,0.00391156,0.48101268,2.45103746,11.78742676
2026-09-08 13:48:26.344445,KRW-BTC,106955000.0,0.00093497,ASK,106981000.0,107000000.0,0.00391156,0.48101268,2.45103746,11.78742676
2026-09-08 13:48:26.345210,KRW-BTC,106951000.0,0.21303216,ASK,106981000.0,107000000.0,0.00391156,0.48101268,2.45103746,11.78742676
2026-09-08 13:48:26.345965,KRW-BTC,106951000.0,9.35e-05,ASK,106981000.0,107000000.0,0.00391156,0.48101268,2.45103746,11.78742676
2026-09-08 13:48:26.346694,KRW-BTC,106951000.0,0.0002805,ASK,106981000.0,107000000.0,0.00391156,0.48101268,2.45103746,11.78742676
2026-09-08 13:48:26.347416,KRW-BTC,106951000.0,0.0004675,ASK,106981000.0,107000000.0,0.00391156,0.48101268,2.45103746,11.78742676
2026-09-08 13:48:26.348100,KRW-BTC,106951000.0,0.00935007,ASK,106981000.0,107000000.0,0.00391156,0.48101268,2.45103746,11.78742676
2026-09-08 13:48:26.349330,KRW-BTC,106951000.0,0.0002805,ASK,106981000.0,107000000.0,0.00391156,0.48101268,2.45103746,11.78742676
2026-09-08 13:48:26.350348,KRW-BTC,106951000.0,0.03589095,ASK,106981000.0,107000000.0,0.00391156,0.48101268,2.45103746,11.78742676
2026-09-08 13:48:26.536803,KRW-BTC,106981000.0,9.347e-05,ASK,106951000.0,107000000.0,0.04792267,0.48101268,2.20300431,11.48534676
2026-09-08 13:48:26.538519,KRW-BTC,106981000.0,5.608e-05,ASK,106951000.0,107000000.0,0.04792267,0.48101268,2.20300431,11.48534676
2026-09-08 13:48:26.539925,KRW-BTC,106971000.0,9.347e-05,ASK,106951000.0,107000000.0,0.04792267,0.48101268,2.20300431,11.48534676
2026-09-08 13:48:26.541302,KRW-BTC,106970000.0,0.00046742,ASK,106951000.0,107000000.0,0.04792267,0.48101268,2.20300431,11.48534676
2026-09-08 13:48:26.542415,KRW-BTC,106970000.0,0.28037383,ASK,106951000.0,107000000.0,0.04792267,0.48101268,2.20300431,11.48534676
2026-09-08 13:48:26.543068,KRW-BTC,106970000.0,5e-05,ASK,106951000.0,107000000.0,0.04792267,0.48101268,2.20300431,11.48534676
2026-09-08 13:48:26.543669,KRW-BTC,106957000.0,0.00878733,ASK,106951000.0,107000000.0,0.04792267,0.48101268,2.20300431,11.48534676
2026-09-08 13:48:26.545050,KRW-BTC,106956000.0,0.00093449,ASK,106951000.0,107000000.0,0.04792267,0.48101268,2.20300431,11.48534676
2026-09-08 13:48:26.546194,KRW-BTC,106955000.0,0.00093497,ASK,106951000.0,107000000.0,0.04792267,0.48101268,2.20300431,11.48534676
2026-09-08 13:48:26.547134,KRW-BTC,106955000.0,0.00093497,ASK,106951000.0,107000000.0,0.04792267,0.48101268,2.20300431,11.48534676
2026-09-08 13:48:26.547965,KRW-BTC,106951000.0,0.21303216,ASK,106951000.0,107000000.0,0.04792267,0.48101268,2.20300431,11.48534676
2026-09-08 13:48:26.549159,KRW-BTC,106951000.0,9.35e-05,ASK,106951000.0,107000000.0,0.04792267,0.48101268,2.20300431,11.48534676
2026-09-08 13:48:26.549903,KRW-BTC,106951000.0,0.0002805,ASK,106951000.0,107000000.0,0.04792267,0.48101268,2.20300431,11.48534676
2026-09-08 13:48:26.550555,KRW-BTC,106951000.0,0.0004675,ASK,106951000.0,107000000.0,0.04792267,0.48101268,2.20300431,11.48534676
2026-09-08 13:48:26.551319,KRW-BTC,106951000.0,0.00935007,ASK,106951000.0,107000000.0,0.04792267,0.48101268,2.20300431,11.48534676
2026-09-08 13:48:26.551992,KRW-BTC,106951000.0,0.0002805,ASK,106951000.0,107000000.0,0.04792267,0.48101268,2.20300431,11.48534676
2026-09-08 13:48:26.552666,KRW-BTC,106951000.0,0.03589095,ASK,106951000.0,107000000.0,0.04792267,0.48101268,2.20300431,11.48534676
2026-09-08 13:48:36.809029,KRW-BTC,107000000.0,0.00093457,BID,106952000.0,107000000.0,0.01889158,0.48101268,2.04851334,11.4429246
2026-09-08 13:48:36.809141,KRW-BTC,107000000.0,0.00093457,BID,106952000.0,107000000.0,0.01889158,0.48101268,2.04851334,11.4429246
2026-09-08 13:48:36.869457,KRW-BTC,107000000.0,7.012e-05,BID,106952000.0,107000000.0,0.01889158,0.47893275,2.04851334,11.39778683
2026-09-08 13:48:36.870365,KRW-BTC,107000000.0,4.675e-05,BID,106952000.0,107000000.0,0.01889158,0.47893275,2.04851334,11.39778683
2026-09-08 13:48:36.871671,KRW-BTC,107000000.0,9.35e-05,BID,106952000.0,107000000.0,0.01889158,0.47893275,2.04851334,11.39778683
2026-09-08 13:48:36.872915,KRW-BTC,107000000.0,9.35e-05,BID,106952000.0,107000000.0,0.01889158,0.47893275,2.04851334,11.39778683
2026-09-08 13:48:36.873885,KRW-BTC,107000000.0,0.00023375,BID,106952000.0,107000000.0,0.01889158,0.47893275,2.04851334,11.39778683
2026-09-08 13:48:36.874560,KRW-BTC,107000000.0,9.35e-05,BID,106952000.0,107000000.0,0.01889158,0.47893275,2.04851334,11.39778683
2026-09-08 13:48:36.886574,KRW-BTC,107000000.0,7.012e-05,BID,106952000.0,107000000.0,0.01889158,0.47893275,2.04851334,11.39778683
2026-09-08 13:48:36.890916,KRW-BTC,107000000.0,4.675e-05,BID,106952000.0,107000000.0,0.01889158,0.47893275,2.04851334,11.39778683
2026-09-08 13:48:36.891639,KRW-BTC,107000000.0,9.35e-05,BID,106952000.0,107000000.0,0.01889158,0.47893275,2.04851334,11.39778683
2026-09-08 13:48:36.892477,KRW-BTC,107000000.0,0.00011687,BID,106952000.0,107000000.0,0.01889158,0.47893275,2.04851334,11.39778683
2026-09-08 13:48:36.893183,KRW-BTC,107000000.0,7.012e-05,BID,106952000.0,107000000.0,0.01889158,0.47893275,2.04851334,11.39778683
2026-09-08 13:48:36.893752,KRW-BTC,107000000.0,9.35e-05,BID,106952000.0,107000000.0,0.01889158,0.47893275,2.04851334,11.39778683
2026-09-08 13:48:36.894415,KRW-BTC,107000000.0,9.35e-05,BID,106952000.0,107000000.0,0.01889158,0.47893275,2.04851334,11.39778683
2026-09-08 13:48:36.895056,KRW-BTC,107000000.0,9.35e-05,BID,106952000.0,107000000.0,0.01889158,0.47893275,2.04851334,11.39778683
2026-09-08 13:48:36.895626,KRW-BTC,107000000.0,4.675e-05,BID,106952000.0,107000000.0,0.01889158,0.47893275,2.04851334,11.39778683
2026-09-08 13:48:36.896168,KRW-BTC,107000000.0,0.00023375,BID,106952000.0,107000000.0,0.01889158,0.47893275,2.04851334,11.39778683
2026-09-08 13:48:36.900396,KRW-BTC,107000000.0,4.675e-05,BID,106952000.0,107000000.0,0.01889158,0.47893275,2.04851334,11.39778683
2026-09-08 13:48:36.901690,KRW-BTC,107000000.0,9.35e-05,BID,106952000.0,107000000.0,0.01889158,0.47893275,2.04851334,11.39778683
2026-09-08 13:48:36.902740,KRW-BTC,107000000.0,9.35e-05,BID,106952000.0,107000000.0,0.01889158,0.47893275,2.04851334,11.39778683
2026-09-08 13:48:36.903399,KRW-BTC,107000000.0,0.00023375,BID,106952000.0,107000000.0,0.01889158,0.47893275,2.04851334,11.39778683
2026-09-08 13:48:36.904207,KRW-BTC,107000000.0,9.35e-05,BID,106952000.0,107000000.0,0.01889158,0.47893275,2.04851334,11.39778683
2026-09-08 13:48:36.913095,KRW-BTC,107000000.0,0.00023375,BID,106952000.0,107000000.0,0.01889158,0.47893275,2.04851334,11.39778683
2026-09-08 13:48:36.914171,KRW-BTC,107000000.0,0.00070125,BID,106952000.0,107000000.0,0.01889158,0.47893275,2.04851334,11.39778683
2026-09-08 13:48:36.928727,KRW-BTC,107000000.0,4.675e-05,BID,106952000.0,107000000.0,0.01889158,0.47893275,2.04851334,11.39778683
2026-09-08 13:48:36.929543,KRW-BTC,107000000.0,9.35e-05,BID,106952000.0,107000000.0,0.01889158,0.47893275,2.04851334,11.39778683
2026-09-08 13:48:36.953299,KRW-BTC,107000000.0,9.35e-05,BID,106952000.0,107000000.0,0.01889158,0.47739,2.05735819,11.19021318
2026-09-08 13:48:37.115247,KRW-BTC,107000000.0,4.675e-05,BID,106952000.0,107000000.0,0.01889158,0.47739,2.04994152,11.54073214
2026-09-08 13:48:37.116687,KRW-BTC,107000000.0,9.35e-05,BID,106952000.0,107000000.0,0.01889158,0.47739,2.04994152,11.54073214
2026-09-08 13:48:37.118482,KRW-BTC,107000000.0,0.00011687,BID,106952000.0,107000000.0,0.01889158,0.47739,2.04994152,11.54073214
2026-09-08 13:48:37.120127,KRW-BTC,107000000.0,7.012e-05,BID,106952000.0,107000000.0,0.01889158,0.47739,2.04994152,11.54073214
2026-09-08 13:48:37.121651,KRW-BTC,107000000.0,9.35e-05,BID,106952000.0,107000000.0,0.01889158,0.47739,2.04994152,11.54073214
2026-09-08 13:48:37.123451,KRW-BTC,107000000.0,9.35e-05,BID,106952000.0,107000000.0,0.01889158,0.47739,2.04994152,11.54073214
2026-09-08 13:48:37.125080,KRW-BTC,107000000.0,9.35e-05,BID,106952000.0,107000000.0,0.01889158,0.47739,2.04994152,11.54073214
2026-09-08 13:48:37.127058,KRW-BTC,107000000.0,4.675e-05,BID,106952000.0,107000000.0,0.01889158,0.47739,2.04994152,11.54073214
2026-09-08 13:48:37.128768,KRW-BTC,107000000.0,0.00023375,BID,106952000.0,107000000.0,0.01889158,0.47739,2.04994152,11.54073214
2026-09-08 13:48:37.130631,KRW-BTC,107000000.0,0.00023375,BID,106952000.0,107000000.0,0.01889158,0.47739,2.04994152,11.54073214
2026-09-08 13:48:37.132699,KRW-BTC,107000000.0,0.00070125,BID,106952000.0,107000000.0,0.01889158,0.47739,2.04994152,11.54073214
2026-09-08 13:48:37.134781,KRW-BTC,107000000.0,4.675e-05,BID,106952000.0,107000000.0,0.01889158,0.47739,2.04994152,11.54073214
2026-09-08 13:48:37.137452,KRW-BTC,107000000.0,9.35e-05,BID,106952000.0,107000000.0,0.01889158,0.47739,2.07457124,11.54073214
2026-09-08 13:48:37.140550,KRW-BTC,107000000.0,9.35e-05,BID,106952000.0,107000000.0,0.01889158,0.47739,2.05735819,11.19021318
2026-09-08 13:48:37.476437,KRW-BTC,107000000.0,4.673e-05,BID,106952000.0,107000000.0,0.01889158,0.47734327,2.09767206,11.54068541
2026-09-08 13:48:37.479530,KRW-BTC,107000000.0,4.673e-05,BID,106952000.0,107000000.0,0.01889158,0.47734327,2.09767206,11.54068541
2026-09-08 13:48:41.535149,KRW-BTC,107000000.0,0.00250198,BID,106952000.0,107000000.0,0.01889158,0.5206938,2.05349062,11.63994678
2026-09-08 13:48:41.535500,KRW-BTC,107000000.0,0.00250198,BID,106952000.0,107000000.0,0.01889158,0.5206938,2.05349062,11.63994678
2026-09-08 13:48:44.630833,KRW-BTC,106984000.0,0.00018,ASK,106984000.0,107000000.0,0.00018,0.51819182,2.04385151,11.58153396
2026-09-08 13:48:44.631434,KRW-BTC,106984000.0,0.00018,ASK,106984000.0,107000000.0,0.00018,0.51819182,2.04385151,11.58153396
2026-09-08 13:48:46.311052,KRW-BTC,106981000.0,0.00093474,BID,106952000.0,106981000.0,0.02750059,0.02273921,2.06209963,11.58370617
2026-09-08 13:48:46.311146,KRW-BTC,106981000.0,0.00093474,BID,106952000.0,106981000.0,0.02750059,0.02273921,2.06209963,11.58370617
2026-09-08 13:48:48.322937,KRW-BTC,106981000.0,0.00280415,BID,106952000.0,106981000.0,0.02750059,0.02180447,2.06209963,11.57479843
2026-09-08 13:48:50.422419,KRW-BTC,106981000.0,0.00801501,BID,106952000.0,106981000.0,0.02750059,0.01900032,2.06527259,11.61472932
2026-09-08 13:48:50.426944,KRW-BTC,106981000.0,0.00801501,BID,106952000.0,106981000.0,0.02750059,0.01900032,2.06527259,11.61472932
2026-09-08 13:48:54.458907,KRW-BTC,106981000.0,9.347e-05,BID,106953000.0,106981000.0,0.05802924,0.01089184,1.90797366,11.62498617
2026-09-08 13:48:54.464661,KRW-BTC,106981000.0,9.347e-05,BID,106953000.0,106981000.0,0.05802924,0.01089184,1.90797366,11.62498617
2026-09-08 13:48:56.555537,KRW-BTC,106981000.0,0.01089184,BID,106981000.0,107000000.0,0.12176196,0.52847219,1.96998874,11.65677613
2026-09-08 13:48:56.555766,KRW-BTC,106981000.0,0.01089184,BID,106981000.0,107000000.0,0.12176196,0.52847219,1.96998874,11.65677613
2026-09-08 13:48:56.610261,KRW-BTC,106981000.0,0.00281065,ASK,106981000.0,107000000.0,0.12176196,0.52847219,1.96998874,11.65677613
2026-09-08 13:48:56.610421,KRW-BTC,106981000.0,0.00281065,ASK,106981000.0,107000000.0,0.12176196,0.52847219,1.96998874,11.65677613
2026-09-08 13:48:56.738083,KRW-BTC,106981000.0,0.11895131,ASK,106981000.0,107000000.0,0.11895131,0.52847219,1.98865054,11.59946733
2026-09-08 13:48:56.738555,KRW-BTC,106981000.0,0.11895131,ASK,106981000.0,107000000.0,0.11895131,0.52847219,1.98865054,11.59946733
2026-09-08 13:49:00.301278,KRW-BTC,106981000.0,5.608e-05,BID,106953000.0,106981000.0,0.05802924,0.00796867,2.06962123,11.66587073
2026-09-08 13:49:00.306814,KRW-BTC,106981000.0,5.608e-05,BID,106953000.0,106981000.0,0.05802924,0.00796867,2.06962123,11.66587073
2026-09-08 13:49:00.506275,KRW-BTC,106981000.0,0.00093474,BID,106953000.0,106981000.0,0.05802924,0.00791259,1.84998195,11.72534365
2026-09-08 13:49:00.506575,KRW-BTC,106981000.0,0.00093474,BID,106953000.0,106981000.0,0.05802924,0.00791259,1.84998195,11.72534365
2026-09-08 13:49:03.523707,KRW-BTC,106981000.0,0.00116383,BID,106953000.0,106981000.0,0.05802924,0.00697785,1.7390968,12.06554231
2026-09-08 13:49:03.530921,KRW-BTC,106981000.0,0.00116383,BID,106953000.0,106981000.0,0.05802924,0.00697785,1.7390968,12.06554231
2026-09-08 13:49:04.639745,KRW-BTC,106981000.0,0.00093474,BID,106953000.0,106981000.0,0.05802924,0.00581402,1.7390968,12.07483934
2026-09-08 13:49:04.639921,KRW-BTC,106981000.0,0.00093474,BID,106953000.0,106981000.0,0.05802924,0.00581402,1.7390968,12.07483934
2026-09-08 13:49:05.705493,KRW-BTC,106981000.0,0.00093474,BID,106953000.0,106981000.0,0.05802924,0.00487928,1.80839708,12.08373674
2026-09-08 13:49:05.705575,KRW-BTC,106981000.0,0.00093474,BID,106953000.0,106981000.0,0.05802924,0.00487928,1.80839708,12.08373674
2026-09-08 13:49:06.438321,KRW-BTC,106981000.0,0.00014021,BID,106953000.0,106981000.0,0.05802924,0.08380433,1.80933325,12.30387179
2026-09-08 13:49:06.446612,KRW-BTC,106981000.0,0.00014021,BID,106953000.0,106981000.0,0.05802924,0.08380433,1.80933325,12.30387179
2026-09-08 13:49:08.607375,KRW-BTC,106981000.0,0.00094643,BID,106953000.0,106981000.0,0.05802924,0.0947945,1.74854004,12.31486196
2026-09-08 13:49:08.620266,KRW-BTC,106981000.0,0.00094643,BID,106953000.0,106981000.0,0.05802924,0.0947945,1.74854004,12.31486196
2026-09-08 13:49:11.285610,KRW-BTC,106981000.0,0.00018694,BID,106953000.0,106981000.0,0.05802924,0.09366113,1.75627293,12.41188859
2026-09-08 13:49:11.286000,KRW-BTC,106981000.0,0.00018694,BID,106953000.0,106981000.0,0.05802924,0.09366113,1.75627293,12.41188859
2026-09-08 13:49:19.873986,KRW-BTC,106981000.0,0.00163405,BID,106953000.0,106981000.0,0.05802924,0.12453997,1.76792687,12.39236743
2026-09-08 13:49:19.891147,KRW-BTC,106981000.0,0.00163405,BID,106953000.0,106981000.0,0.05802924,0.12453997,1.76792687,12.39236743
2026-09-08 13:49:24.980998,KRW-BTC,106981000.0,0.00093474,BID,106953000.0,106981000.0,0.06002924,0.25570639,1.76992687,12.53098025
2026-09-08 13:49:24.992404,KRW-BTC,106981000.0,0.00093474,BID,106953000.0,106981000.0,0.06002924,0.25570639,1.76992687,12.53098025
2026-09-08 13:49:27.369491,KRW-BTC,106953000.0,6.486e-05,ASK,106953000.0,106981000.0,0.05996438,0.25570639,1.76986201,12.48949741
2026-09-08 13:49:27.369878,KRW-BTC,106953000.0,6.486e-05,ASK,106953000.0,106981000.0,0.05996438,0.25570639,1.76986201,12.48949741
2026-09-08 13:49:27.747126,KRW-BTC,106981000.0,0.00010217,BID,106953000.0,106981000.0,0.05996438,0.25701518,1.76986201,12.4908062
2026-09-08 13:49:27.749011,KRW-BTC,106981000.0,8.477e-05,BID,106953000.0,106981000.0,0.05996438,0.25701518,1.76986201,12.4908062
2026-09-08 13:49:27.749990,KRW-BTC,106981000.0,8.477e-05,BID,106953000.0,106981000.0,0.05996438,0.25701518,1.76986201,12.4908062
2026-09-08 13:49:28.317300,KRW-BTC,106981000.0,0.07991523,BID,106953000.0,106981000.0,0.05996438,0.25682824,1.76986201,12.49061926
2026-09-08 13:49:28.318754,KRW-BTC,106981000.0,0.01355931,BID,106953000.0,106981000.0,0.05996438,0.25682824,1.76986201,12.49061926
2026-09-08 13:49:28.330680,KRW-BTC,106981000.0,0.07991523,BID,106953000.0,106981000.0,0.05996438,0.25682824,1.76986201,12.49061926
2026-09-08 13:49:28.332697,KRW-BTC,106981000.0,0.01355931,BID,106953000.0,106981000.0,0.05996438,0.25682824,1.76986201,12.49061926
2026-09-08 13:49:31.378939,KRW-BTC,106981000.0,0.00013796,BID,106953000.0,106981000.0,0.05996438,0.16321574,1.76986201,12.38799275
2026-09-08 13:49:31.379083,KRW-BTC,106981000.0,0.00013796,BID,106953000.0,106981000.0,0.05996438,0.16321574,1.76986201,12.38799275
2026-09-08 13:49:36.155354,KRW-BTC,106981000.0,0.00280423,BID,106953000.0,106981000.0,0.06931428,0.16041151,1.78421191,12.38518852
2026-09-08 13:49:36.158611,KRW-BTC,106981000.0,0.00280423,BID,106953000.0,106981000.0,0.06931428,0.16041151,1.78421191,12.38518852
2026-09-08 13:49:36.871877,KRW-BTC,106981000.0,0.00023368,BID,106953000.0,106981000.0,0.06931428,0.1586122,1.78421191,12.38322941
2026-09-08 13:49:36.873930,KRW-BTC,106981000.0,4.673e-05,BID,106953000.0,106981000.0,0.06931428,0.1586122,1.78421191,12.38322941
2026-09-08 13:49:36.875838,KRW-BTC,106981000.0,0.00023368,BID,106953000.0,106981000.0,0.06931428,0.1586122,1.78421191,12.38322941
2026-09-08 13:49:36.877607,KRW-BTC,106981000.0,4.673e-05,BID,106953000.0,106981000.0,0.06931428,0.1586122,1.78421191,12.38322941
2026-09-08 13:49:36.879091,KRW-BTC,106981000.0,0.00023368,BID,106953000.0,106981000.0,0.06931428,0.1586122,1.78421191,12.38322941
2026-09-08 13:49:36.880334,KRW-BTC,106981000.0,4.673e-05,BID,106953000.0,106981000.0,0.06931428,0.1586122,1.78421191,12.38322941
2026-09-08 13:49:36.881838,KRW-BTC,106981000.0,0.00023368,BID,106953000.0,106981000.0,0.06931428,0.1586122,1.78421191,12.38322941
2026-09-08 13:49:36.883215,KRW-BTC,106981000.0,4.673e-05,BID,106953000.0,106981000.0,0.06931428,0.1586122,1.78421191,12.38322941
2026-09-08 13:49:36.895155,KRW-BTC,106981000.0,4.673e-05,BID,106953000.0,106981000.0,0.06931428,0.1586122,1.78421191,12.38322941
2026-09-08 13:49:36.896805,KRW-BTC,106981000.0,9.347e-05,BID,106953000.0,106981000.0,0.06931428,0.1586122,1.78421191,12.38322941
2026-09-08 13:49:36.897575,KRW-BTC,106981000.0,4.673e-05,BID,106953000.0,106981000.0,0.06931428,0.1586122,1.78421191,12.38322941
2026-09-08 13:49:36.898156,KRW-BTC,106981000.0,7.01e-05,BID,106953000.0,106981000.0,0.06931428,0.1586122,1.78421191,12.38322941
2026-09-08 13:49:36.898928,KRW-BTC,106981000.0,9.347e-05,BID,106953000.0,106981000.0,0.06931428,0.1586122,1.78421191,12.38322941
2026-09-08 13:49:36.899697,KRW-BTC,106981000.0,9.347e-05,BID,106953000.0,106981000.0,0.06931428,0.1586122,1.78421191,12.38322941
2026-09-08 13:49:36.900654,KRW-BTC,106981000.0,9.347e-05,BID,106953000.0,106981000.0,0.06931428,0.1586122,1.78421191,12.38322941
2026-09-08 13:49:36.901364,KRW-BTC,106981000.0,0.00070105,BID,106953000.0,106981000.0,0.06931428,0.1586122,1.78421191,12.38322941
2026-09-08 13:49:36.902080,KRW-BTC,106981000.0,7.01e-05,BID,106953000.0,106981000.0,0.06931428,0.1586122,1.78421191,12.38322941
2026-09-08 13:49:36.917982,KRW-BTC,106981000.0,9.347e-05,BID,106953000.0,106981000.0,0.06931428,0.1586122,1.78421191,12.38322941
2026-09-08 13:49:36.918887,KRW-BTC,106981000.0,9.347e-05,BID,106953000.0,106981000.0,0.06931428,0.1586122,1.78421191,12.38322941
2026-09-08 13:49:36.919506,KRW-BTC,106981000.0,9.347e-05,BID,106953000.0,106981000.0,0.06931428,0.1586122,1.78421191,12.38322941
2026-09-08 13:49:36.923457,KRW-BTC,106981000.0,0.00023368,BID,106953000.0,106981000.0,0.06931428,0.1586122,1.78421191,12.38322941
2026-09-08 13:49:36.924954,KRW-BTC,106981000.0,9.347e-05,BID,106953000.0,106981000.0,0.06931428,0.1586122,1.78421191,12.38322941
2026-09-08 13:49:36.948110,KRW-BTC,106981000.0,0.00011684,BID,106953000.0,106981000.0,0.06931428,0.15763076,1.78421191,3.50295497
2026-09-08 13:49:36.950261,KRW-BTC,106981000.0,9.347e-05,BID,106953000.0,106981000.0,0.06931428,0.15763076,1.78421191,3.50295497
2026-09-08 13:49:36.953948,KRW-BTC,106981000.0,9.347e-05,BID,106953000.0,106981000.0,0.06931428,0.15763076,1.78421191,3.50295497
2026-09-08 13:49:36.971498,KRW-BTC,106981000.0,4.673e-05,BID,106953000.0,106981000.0,0.06931428,0.15763076,1.78421191,3.50295497
2026-09-08 13:49:36.974431,KRW-BTC,106981000.0,9.347e-05,BID,106953000.0,106981000.0,0.06931428,0.15763076,1.78421191,3.50295497
2026-09-08 13:49:36.977172,KRW-BTC,106981000.0,4.673e-05,BID,106953000.0,106981000.0,0.06931428,0.15763076,1.78421191,3.50295497
2026-09-08 13:49:36.979618,KRW-BTC,106981000.0,7.01e-05,BID,106953000.0,106981000.0,0.06931428,0.15763076,1.78421191,3.50295497
2026-09-08 13:49:36.985065,KRW-BTC,106981000.0,9.347e-05,BID,106953000.0,106981000.0,0.06931428,0.15763076,1.78421191,3.50295497
2026-09-08 13:49:37.030507,KRW-BTC,106981000.0,9.347e-05,BID,106953000.0,106981000.0,0.06931428,0.15763076,1.78421191,3.50295497
2026-09-08 13:49:37.041656,KRW-BTC,106981000.0,9.347e-05,BID,106953000.0,106981000.0,0.06931428,0.15763076,1.78421191,3.50295497
2026-09-08 13:49:37.043093,KRW-BTC,106981000.0,0.00070105,BID,106953000.0,106981000.0,0.06931428,0.15763076,1.78421191,3.50295497
2026-09-08 13:49:37.043988,KRW-BTC,106981000.0,7.01e-05,BID,106953000.0,106981000.0,0.06931428,0.15763076,1.78421191,3.50295497
2026-09-08 13:49:37.044801,KRW-BTC,106981000.0,9.347e-05,BID,106953000.0,106981000.0,0.06931428,0.15763076,1.78421191,3.50295497
2026-09-08 13:49:37.045507,KRW-BTC,106981000.0,9.347e-05,BID,106953000.0,106981000.0,0.06931428,0.15763076,1.78421191,3.50295497
2026-09-08 13:49:37.046393,KRW-BTC,106981000.0,9.347e-05,BID,106953000.0,106981000.0,0.06931428,0.15763076,1.78421191,3.50295497
2026-09-08 13:49:37.047011,KRW-BTC,106981000.0,0.00023368,BID,106953000.0,106981000.0,0.06931428,0.15763076,1.78421191,3.50295497
2026-09-08 13:49:37.047710,KRW-BTC,106981000.0,9.347e-05,BID,106953000.0,106981000.0,0.06931428,0.15763076,1.78421191,3.50295497
2026-09-08 13:49:37.048813,KRW-BTC,106981000.0,0.00011684,BID,106953000.0,106981000.0,0.06931428,0.15763076,1.78421191,3.50295497
2026-09-08 13:49:37.050079,KRW-BTC,106981000.0,9.347e-05,BID,106953000.0,106981000.0,0.06931428,0.15763076,1.78421191,3.50295497
2026-09-08 13:49:37.051792,KRW-BTC,106981000.0,9.347e-05,BID,106953000.0,106981000.0,0.06931428,0.15763076,1.78421191,3.50295497
2026-09-08 13:49:41.482551,KRW-BTC,106981000.0,0.00245067,BID,106953000.0,106981000.0,0.06931428,0.15763076,1.84831253,3.49010197
2026-09-08 13:49:41.486711,KRW-BTC,106981000.0,0.00245067,BID,106953000.0,106981000.0,0.06931428,0.15763076,1.84831253,3.49010197
2026-09-08 13:49:42.333361,KRW-BTC,106953000.0,0.00017284,ASK,106953000.0,106981000.0,0.06931428,0.15518009,1.77976789,3.48748526
2026-09-08 13:49:42.338830,KRW-BTC,106953000.0,0.00017284,ASK,106953000.0,106981000.0,0.06931428,0.15518009,1.77976789,3.48748526
2026-09-08 13:49:42.553477,KRW-BTC,106981000.0,0.00093474,BID,106953000.0,106981000.0,0.06914144,0.15424535,1.77959505,3.47777066
2026-09-08 13:49:42.560458,KRW-BTC,106981000.0,0.00093474,BID,106953000.0,106981000.0,0.06914144,0.15424535,1.77959505,3.47777066
2026-09-08 13:49:46.061830,KRW-BTC,106981000.0,0.00984523,BID,106953000.0,106981000.0,0.07414144,0.11313549,1.85454702,3.44544066
2026-09-08 13:49:46.061964,KRW-BTC,106981000.0,0.00984523,BID,106953000.0,106981000.0,0.07414144,0.11313549,1.85454702,3.44544066
2026-09-08 13:49:46.063653,KRW-BTC,106981000.0,0.03126463,BID,106953000.0,106981000.0,0.07414144,0.11313549,1.85454702,3.44544066
2026-09-08 13:49:46.064510,KRW-BTC,106981000.0,0.03126463,BID,106953000.0,106981000.0,0.07414144,0.11313549,1.85454702,3.44544066
2026-09-08 13:49:47.398198,KRW-BTC,106981000.0,0.03766387,BID,106953000.0,106981000.0,0.07414144,0.11313549,1.79024679,3.4458327
2026-09-08 13:49:47.408238,KRW-BTC,106981000.0,0.03766387,BID,106953000.0,106981000.0,0.07414144,0.11313549,1.79024679,3.4458327
2026-09-08 13:49:48.503579,KRW-BTC,106981000.0,5.608e-05,BID,106953000.0,106981000.0,0.07414144,0.07547162,1.7965324,3.40860095
2026-09-08 13:49:52.716170,KRW-BTC,106953000.0,0.00019736,ASK,106953000.0,106980000.0,0.07414144,0.01249473,1.80083479,11.85321347
2026-09-08 13:49:52.716453,KRW-BTC,106953000.0,0.00019736,ASK,106953000.0,106980000.0,0.07414144,0.01249473,1.80083479,11.85321347
2026-09-08 13:49:54.841873,KRW-BTC,106980000.0,0.00058928,BID,106953000.0,106980000.0,0.0743648,0.01190545,1.80105815,11.85262419
2026-09-08 13:49:54.846484,KRW-BTC,106980000.0,0.00058928,BID,106953000.0,106980000.0,0.0743648,0.01190545,1.80105815,11.85262419
2026-09-08 13:49:56.423746,KRW-BTC,106980000.0,0.0046714,BID,106953000.0,106980000.0,0.0743648,0.01190545,1.80105815,11.85262419
2026-09-08 13:49:56.429737,KRW-BTC,106980000.0,0.0046714,BID,106953000.0,106980000.0,0.0743648,0.01190545,1.80105815,11.85262419
2026-09-08 13:49:56.908248,KRW-BTC,106980000.0,9.347e-05,BID,106953000.0,106980000.0,0.0743648,0.00723405,1.80105815,11.84795279
2026-09-08 13:50:02.381354,KRW-BTC,106953000.0,0.00110151,ASK,106953000.0,106980000.0,0.07326329,0.00714058,1.79995664,11.82278671
2026-09-08 13:50:02.384623,KRW-BTC,106953000.0,0.00110151,ASK,106953000.0,106980000.0,0.07326329,0.00714058,1.79995664,11.82278671
2026-09-08 13:50:02.953682,KRW-BTC,106953000.0,0.00167516,ASK,106953000.0,106980000.0,0.07178577,0.00714058,1.79847912,11.83686915
2026-09-08 13:50:03.012440,KRW-BTC,106953000.0,0.00167516,ASK,106953000.0,106980000.0,0.07178577,0.00714058,1.79847912,11.83686915
2026-09-08 13:50:05.365613,KRW-BTC,106953000.0,0.05006782,ASK,106953000.0,106980000.0,0.02171795,0.00714058,1.7484113,11.83686915
2026-09-08 13:50:06.340423,KRW-BTC,106953000.0,0.00474969,ASK,106953000.0,106980000.0,0.01469186,0.00714058,1.74180552,11.83686915
2026-09-08 13:50:06.341999,KRW-BTC,106953000.0,0.002,ASK,106953000.0,106980000.0,0.01469186,0.00714058,1.74180552,11.83686915
2026-09-08 13:50:06.343380,KRW-BTC,106953000.0,0.0002764,ASK,106953000.0,106980000.0,0.01469186,0.00714058,1.74180552,11.83686915
2026-09-08 13:50:06.348867,KRW-BTC,106953000.0,0.00474969,ASK,106953000.0,106980000.0,0.01469186,0.00714058,1.74180552,11.83686915
2026-09-08 13:50:06.350200,KRW-BTC,106953000.0,0.002,ASK,106953000.0,106980000.0,0.01469186,0.00714058,1.74180552,11.83686915
2026-09-08 13:50:06.351386,KRW-BTC,106953000.0,0.0002764,ASK,106953000.0,106980000.0,0.01469186,0.00714058,1.74180552,11.83686915
2026-09-08 13:50:31.450060,KRW-BTC,106979000.0,0.00016395,BID,106955000.0,106979000.0,0.00667059,0.50328591,1.71195462,12.56841529
2026-09-08 13:50:31.450204,KRW-BTC,106979000.0,0.00016395,BID,106955000.0,106979000.0,0.00667059,0.50328591,1.71195462,12.56841529
2026-09-08 13:50:32.378973,KRW-BTC,106955000.0,0.00029607,ASK,106955000.0,106979000.0,0.00667059,0.50328591,1.7113917,12.56841529
2026-09-08 13:50:32.381616,KRW-BTC,106955000.0,0.00029607,ASK,106955000.0,106979000.0,0.00667059,0.50328591,1.7113917,12.56841529
2026-09-08 13:50:33.494057,KRW-BTC,106979000.0,0.02336907,BID,106955000.0,106979000.0,0.00637452,0.50328591,1.71109563,12.56841529
2026-09-08 13:50:34.614092,KRW-BTC,106979000.0,4.673e-05,BID,106955000.0,106979000.0,0.00637452,0.47991684,1.71124215,12.54504622
2026-09-08 13:50:34.622346,KRW-BTC,106979000.0,4.673e-05,BID,106955000.0,106979000.0,0.00637452,0.47991684,1.71124215,12.54504622
2026-09-08 13:50:42.232712,KRW-BTC,106955000.0,0.00063892,ASK,106955000.0,106979000.0,0.00440369,0.48713046,1.82135507,12.55250872
2026-09-08 13:50:42.233526,KRW-BTC,106955000.0,0.00133191,ASK,106955000.0,106979000.0,0.00440369,0.48713046,1.82135507,12.55250872
2026-09-08 13:50:42.236758,KRW-BTC,106955000.0,0.00063892,ASK,106955000.0,106979000.0,0.00440369,0.48713046,1.82135507,12.55250872
2026-09-08 13:50:42.237406,KRW-BTC,106955000.0,0.00133191,ASK,106955000.0,106979000.0,0.00440369,0.48713046,1.82135507,12.55250872
2026-09-08 13:50:42.536186,KRW-BTC,106979000.0,0.00059143,BID,106955000.0,106979000.0,0.00440369,0.48653903,1.82135507,12.55191729
2026-09-08 13:50:42.541377,KRW-BTC,106979000.0,0.00059143,BID,106955000.0,106979000.0,0.00440369,0.48653903,1.82135507,12.55191729
2026-09-08 13:50:49.476227,KRW-BTC,106979000.0,9.347e-05,BID,106955000.0,106979000.0,0.00186994,0.48831509,1.81943231,12.55369335
2026-09-08 13:50:49.476315,KRW-BTC,106979000.0,9.347e-05,BID,106955000.0,106979000.0,0.00186994,0.48831509,1.81943231,12.55369335
2026-09-08 13:50:50.345737,KRW-BTC,106979000.0,0.00018695,BID,106955000.0,106979000.0,0.00186994,0.52551866,1.81943231,12.59089692
2026-09-08 13:50:50.345881,KRW-BTC,106979000.0,0.00018695,BID,106955000.0,106979000.0,0.00186994,0.52551866,1.81943231,12.59089692
2026-09-08 13:50:57.024364,KRW-BTC,106979000.0,0.00093429,BID,106955000.0,106979000.0,0.00186994,0.55962534,1.81952578,12.6250036
2026-09-08 13:50:57.033955,KRW-BTC,106979000.0,0.00093429,BID,106955000.0,106979000.0,0.00186994,0.55962534,1.81952578,12.6250036
2026-09-08 13:50:58.821492,KRW-BTC,106979000.0,5.608e-05,BID,106955000.0,106979000.0,0.00186994,0.56864165,1.81952578,12.63401991
2026-09-08 13:50:58.823782,KRW-BTC,106979000.0,5.608e-05,BID,106955000.0,106979000.0,0.00186994,0.56864165,1.81952578,12.63401991
2026-09-08 13:50:59.836735,KRW-BTC,106979000.0,9.347e-05,BID,106955000.0,106979000.0,0.00186994,0.56858557,1.81992578,12.53535383
2026-09-08 13:50:59.836913,KRW-BTC,106979000.0,9.347e-05,BID,106955000.0,106979000.0,0.00186994,0.56858557,1.81992578,12.53535383
2026-09-08 13:51:00.708062,KRW-BTC,106979000.0,0.00130148,BID,106955000.0,106979000.0,0.00186994,0.5684921,1.81992578,12.11365876
2026-09-08 13:51:00.716102,KRW-BTC,106979000.0,0.00130148,BID,106955000.0,106979000.0,0.00186994,0.5684921,1.81992578,12.11365876
2026-09-08 13:51:02.403883,KRW-BTC,106979000.0,0.00280428,BID,106955000.0,106979000.0,0.00186994,0.56719062,1.81992578,12.46755624
2026-09-08 13:51:02.408521,KRW-BTC,106979000.0,0.00280428,BID,106955000.0,106979000.0,0.00186994,0.56719062,1.81992578,12.46755624
2026-09-08 13:51:10.665171,KRW-BTC,106977000.0,0.00018695,BID,106975000.0,106977000.0,4.683e-05,0.21010914,1.81617962,12.62841009
2026-09-08 13:51:10.666600,KRW-BTC,106977000.0,0.00018695,BID,106975000.0,106977000.0,4.683e-05,0.21010914,1.81617962,12.62841009
2026-09-08 13:51:11.799832,KRW-BTC,106977000.0,0.00093476,BID,106975000.0,106977000.0,4.683e-05,0.21010914,1.81617962,12.62841009
2026-09-08 13:51:11.807904,KRW-BTC,106977000.0,0.00093476,BID,106975000.0,106977000.0,4.683e-05,0.21010914,1.81617962,12.62841009
2026-09-08 13:51:14.302040,KRW-BTC,106977000.0,9.347e-05,BID,106975000.0,106977000.0,4.683e-05,0.20917438,1.79199649,12.62747533
2026-09-08 13:51:14.310654,KRW-BTC,106977000.0,9.347e-05,BID,106975000.0,106977000.0,4.683e-05,0.20917438,1.79199649,12.62747533
2026-09-08 13:51:17.090468,KRW-BTC,106977000.0,0.00057377,BID,106975000.0,106977000.0,4.683e-05,0.20908091,1.79199649,12.64023486
2026-09-08 13:51:17.094525,KRW-BTC,106977000.0,0.00057377,BID,106975000.0,106977000.0,4.683e-05,0.20908091,1.79199649,12.64023486
2026-09-08 13:51:18.685684,KRW-BTC,106977000.0,0.00216798,BID,106975000.0,106977000.0,4.683e-05,0.22490815,1.79676493,12.63749311
2026-09-08 13:51:18.687876,KRW-BTC,106977000.0,0.00216798,BID,106975000.0,106977000.0,4.683e-05,0.22490815,1.79676493,12.63749311
2026-09-08 13:51:19.362188,KRW-BTC,106977000.0,9.347e-05,BID,106975000.0,106977000.0,4.683e-05,0.22816872,1.79863557,12.64075368
2026-09-08 13:51:19.362996,KRW-BTC,106977000.0,9.347e-05,BID,106975000.0,106977000.0,4.683e-05,0.22816872,1.79863557,12.64075368
2026-09-08 13:51:21.783864,KRW-BTC,106977000.0,0.00093478,BID,106975000.0,106977000.0,4.683e-05,0.22723394,1.79863557,12.6269659
2026-09-08 13:51:21.783969,KRW-BTC,106977000.0,0.00093478,BID,106975000.0,106977000.0,4.683e-05,0.22723394,1.79863557,12.6269659
2026-09-08 13:51:28.359029,KRW-BTC,106977000.0,0.02335793,BID,106975000.0,106977000.0,4.683e-05,0.20387601,1.79676493,12.60360797
2026-09-08 13:51:28.364468,KRW-BTC,106977000.0,0.02335793,BID,106975000.0,106977000.0,4.683e-05,0.20387601,1.79676493,12.60360797
2026-09-08 13:51:29.393313,KRW-BTC,106977000.0,4.674e-05,BID,106975000.0,106977000.0,4.683e-05,0.20382927,1.79676493,12.60356123
2026-09-08 13:51:29.394186,KRW-BTC,106977000.0,4.674e-05,BID,106975000.0,106977000.0,4.683e-05,0.20382927,1.79676493,12.60356123
2026-09-08 13:51:30.360544,KRW-BTC,106977000.0,0.00197436,BID,106975000.0,106977000.0,4.683e-05,0.20185491,1.79676493,12.60158687
2026-09-08 13:51:30.361611,KRW-BTC,106977000.0,0.00197436,BID,106975000.0,106977000.0,4.683e-05,0.20185491,1.79676493,12.60158687
2026-09-08 13:51:31.551982,KRW-BTC,106977000.0,0.13294044,BID,106975000.0,106977000.0,4.683e-05,0.06891447,1.79676493,12.46864643
2026-09-08 13:51:31.556091,KRW-BTC,106977000.0,0.13294044,BID,106975000.0,106977000.0,4.683e-05,0.06891447,1.79676493,12.46864643
2026-09-08 13:51:33.623169,KRW-BTC,106975000.0,4.683e-05,ASK,106975000.0,106977000.0,4.683e-05,0.05034548,1.79632797,12.45007744
2026-09-08 13:51:33.623235,KRW-BTC,106975000.0,4.683e-05,ASK,106975000.0,106977000.0,4.683e-05,0.05034548,1.79632797,12.45007744
2026-09-08 13:51:35.231080,KRW-BTC,106975000.0,0.00280434,BID,106963000.0,106975000.0,9.349e-05,0.01852216,1.82093138,12.4208396
2026-09-08 13:51:35.238679,KRW-BTC,106975000.0,0.00280434,BID,106963000.0,106975000.0,9.349e-05,0.01852216,1.82093138,12.4208396
2026-09-08 13:51:37.012238,KRW-BTC,106975000.0,0.00023369,BID,106963000.0,106975000.0,9.349e-05,0.01571782,1.82280198,12.41468122
2026-09-08 13:51:37.012872,KRW-BTC,106975000.0,4.673e-05,BID,106963000.0,106975000.0,9.349e-05,0.01571782,1.82280198,12.41468122
2026-09-08 13:51:37.013456,KRW-BTC,106975000.0,4.673e-05,BID,106963000.0,106975000.0,9.349e-05,0.01571782,1.82280198,12.41468122
2026-09-08 13:51:37.013780,KRW-BTC,106975000.0,0.00011684,BID,106963000.0,106975000.0,9.349e-05,0.01571782,1.82280198,12.41468122
2026-09-08 13:51:37.014186,KRW-BTC,106975000.0,0.00011684,BID,106963000.0,106975000.0,9.349e-05,0.01571782,1.82280198,12.41468122
2026-09-08 13:51:37.014447,KRW-BTC,106975000.0,9.347e-05,BID,106963000.0,106975000.0,9.349e-05,0.01571782,1.82280198,12.41468122
2026-09-08 13:51:37.014885,KRW-BTC,106975000.0,9.347e-05,BID,106963000.0,106975000.0,9.349e-05,0.01571782,1.82280198,12.41468122
2026-09-08 13:51:37.015208,KRW-BTC,106975000.0,4.673e-05,BID,106963000.0,106975000.0,9.349e-05,0.01571782,1.82280198,12.41468122
2026-09-08 13:51:37.015659,KRW-BTC,106975000.0,4.673e-05,BID,106963000.0,106975000.0,9.349e-05,0.01571782,1.82280198,12.41468122
2026-09-08 13:51:37.016034,KRW-BTC,106975000.0,9.347e-05,BID,106963000.0,106975000.0,9.349e-05,0.01571782,1.82280198,12.41468122
2026-09-08 13:51:37.016344,KRW-BTC,106975000.0,9.347e-05,BID,106963000.0,106975000.0,9.349e-05,0.01571782,1.82280198,12.41468122
2026-09-08 13:51:37.027861,KRW-BTC,106975000.0,4.673e-05,BID,106963000.0,106975000.0,9.349e-05,0.01571782,1.82280198,12.41468122
2026-09-08 13:51:37.028706,KRW-BTC,106975000.0,0.00093479,BID,106963000.0,106975000.0,9.349e-05,0.01571782,1.82280198,12.41468122
2026-09-08 13:51:37.034641,KRW-BTC,106975000.0,4.673e-05,BID,106963000.0,106975000.0,9.349e-05,0.01571782,1.82280198,12.41468122
2026-09-08 13:51:37.035510,KRW-BTC,106975000.0,0.00093479,BID,106963000.0,106975000.0,9.349e-05,0.01571782,1.82280198,12.41468122
2026-09-08 13:51:37.036716,KRW-BTC,106975000.0,9.347e-05,BID,106963000.0,106975000.0,9.349e-05,0.01571782,1.82280198,12.41468122
2026-09-08 13:51:37.037530,KRW-BTC,106975000.0,0.00011684,BID,106963000.0,106975000.0,9.349e-05,0.01571782,1.82280198,12.41468122
2026-09-08 13:51:37.045845,KRW-BTC,106975000.0,9.347e-05,BID,106963000.0,106975000.0,9.349e-05,0.01265659,1.82280198,12.41161999
2026-09-08 13:51:37.046491,KRW-BTC,106975000.0,9.347e-05,BID,106963000.0,106975000.0,9.349e-05,0.01265659,1.82280198,12.41161999
2026-09-08 13:51:37.047833,KRW-BTC,106975000.0,4.673e-05,BID,106963000.0,106975000.0,9.349e-05,0.01265659,1.82280198,12.41161999
2026-09-08 13:51:37.048530,KRW-BTC,106975000.0,9.347e-05,BID,106963000.0,106975000.0,9.349e-05,0.01265659,1.82280198,12.41161999
2026-09-08 13:51:37.049677,KRW-BTC,106975000.0,9.347e-05,BID,106963000.0,106975000.0,9.349e-05,0.01265659,1.82280198,12.41161999
2026-09-08 13:51:37.050620,KRW-BTC,106975000.0,9.347e-05,BID,106963000.0,106975000.0,9.349e-05,0.01265659,1.82280198,12.41161999
2026-09-08 13:51:37.051647,KRW-BTC,106975000.0,0.00011684,BID,106963000.0,106975000.0,9.349e-05,0.01265659,1.82280198,12.41161999
2026-09-08 13:51:37.052383,KRW-BTC,106975000.0,9.347e-05,BID,106963000.0,106975000.0,9.349e-05,0.01265659,1.82280198,12.41161999
2026-09-08 13:51:37.052945,KRW-BTC,106975000.0,7.01e-05,BID,106963000.0,106975000.0,9.349e-05,0.01265659,1.82280198,12.41161999
2026-09-08 13:51:37.053783,KRW-BTC,106975000.0,0.00014021,BID,106963000.0,106975000.0,9.349e-05,0.01265659,1.82280198,12.41161999
2026-09-08 13:51:37.060355,KRW-BTC,106975000.0,9.347e-05,BID,106963000.0,106975000.0,9.349e-05,0.01265659,1.82280198,12.41161999
2026-09-08 13:51:37.061022,KRW-BTC,106975000.0,0.00011684,BID,106963000.0,106975000.0,9.349e-05,0.01265659,1.82280198,12.41161999
2026-09-08 13:51:37.062112,KRW-BTC,106975000.0,9.347e-05,BID,106963000.0,106975000.0,9.349e-05,0.01265659,1.82280198,12.41161999
2026-09-08 13:51:37.063250,KRW-BTC,106975000.0,9.347e-05,BID,106963000.0,106975000.0,9.349e-05,0.01265659,1.82280198,12.41161999
2026-09-08 13:51:37.064016,KRW-BTC,106975000.0,4.673e-05,BID,106963000.0,106975000.0,9.349e-05,0.01265659,1.82280198,12.41161999
2026-09-08 13:51:37.064568,KRW-BTC,106975000.0,9.347e-05,BID,106963000.0,106975000.0,9.349e-05,0.01265659,1.82280198,12.41161999
2026-09-08 13:51:37.065133,KRW-BTC,106975000.0,9.347e-05,BID,106963000.0,106975000.0,9.349e-05,0.01265659,1.82280198,12.41161999
2026-09-08 13:51:37.065781,KRW-BTC,106975000.0,9.347e-05,BID,106963000.0,106975000.0,9.349e-05,0.01265659,1.82280198,12.41161999
2026-09-08 13:51:37.066635,KRW-BTC,106975000.0,0.00011684,BID,106963000.0,106975000.0,9.349e-05,0.01265659,1.82280198,12.41161999
2026-09-08 13:51:37.067887,KRW-BTC,106975000.0,9.347e-05,BID,106963000.0,106975000.0,9.349e-05,0.01265659,1.82280198,12.41161999
2026-09-08 13:51:37.068977,KRW-BTC,106975000.0,7.01e-05,BID,106963000.0,106975000.0,9.349e-05,0.01265659,1.82280198,12.41161999
2026-09-08 13:51:37.069770,KRW-BTC,106975000.0,0.00014021,BID,106963000.0,106975000.0,9.349e-05,0.01265659,1.82280198,12.41161999
2026-09-08 13:51:37.070438,KRW-BTC,106975000.0,9.347e-05,BID,106963000.0,106975000.0,9.349e-05,0.01265659,1.82280198,12.41161999
2026-09-08 13:51:37.071068,KRW-BTC,106975000.0,7.01e-05,BID,106963000.0,106975000.0,9.349e-05,0.01265659,1.82280198,12.41161999
2026-09-08 13:51:37.071662,KRW-BTC,106975000.0,9.347e-05,BID,106963000.0,106975000.0,9.349e-05,0.01265659,1.82280198,12.41161999
2026-09-08 13:51:37.072976,KRW-BTC,106975000.0,9.347e-05,BID,106963000.0,106975000.0,9.349e-05,0.01265659,1.82280198,12.41161999
2026-09-08 13:51:37.073562,KRW-BTC,106975000.0,7.01e-05,BID,106963000.0,106975000.0,9.349e-05,0.01265659,1.82280198,12.41161999
2026-09-08 13:51:37.074341,KRW-BTC,106975000.0,9.347e-05,BID,106963000.0,106975000.0,9.349e-05,0.01265659,1.82280198,12.41161999
2026-09-08 13:51:37.090074,KRW-BTC,106975000.0,4.673e-05,BID,106963000.0,106975000.0,9.349e-05,0.01265659,1.82280198,12.41161999
2026-09-08 13:51:37.090157,KRW-BTC,106975000.0,4.673e-05,BID,106963000.0,106975000.0,9.349e-05,0.01265659,1.82280198,12.41161999
2026-09-08 13:51:37.098544,KRW-BTC,106975000.0,9.347e-05,BID,106963000.0,106975000.0,9.349e-05,0.01265659,1.82280198,12.41161999
2026-09-08 13:51:37.102536,KRW-BTC,106975000.0,9.347e-05,BID,106963000.0,106975000.0,9.349e-05,0.01265659,1.82280198,12.41161999
2026-09-08 13:51:38.788993,KRW-BTC,106975000.0,0.00018695,BID,106963000.0,106975000.0,9.349e-05,0.01256312,1.82093138,12.41152652
2026-09-08 13:51:38.792482,KRW-BTC,106975000.0,0.00018695,BID,106963000.0,106975000.0,9.349e-05,0.01256312,1.82093138,12.41152652
2026-09-08 13:51:41.368413,KRW-BTC,106963000.0,9.349e-05,ASK,106955000.0,106963000.0,0.00186994,0.04998421,1.87748085,12.32969107
2026-09-08 13:51:41.368652,KRW-BTC,106963000.0,9.349e-05,ASK,106955000.0,106963000.0,0.00186994,0.04998421,1.87748085,12.32969107
2026-09-08 13:51:42.256881,KRW-BTC,106955000.0,0.00186994,ASK,106953000.0,106963000.0,0.07105985,0.04998421,1.75474632,12.37763107
2026-09-08 13:51:42.257630,KRW-BTC,106954000.0,0.05222293,ASK,106953000.0,106963000.0,0.07105985,0.04998421,1.75474632,12.37763107
2026-09-08 13:51:42.261166,KRW-BTC,106953000.0,0.0090735,ASK,106953000.0,106963000.0,0.07105985,0.04998421,1.75474632,12.37763107
2026-09-08 13:51:42.261896,KRW-BTC,106953000.0,0.005,ASK,106953000.0,106963000.0,0.07105985,0.04998421,1.75474632,12.37763107
2026-09-08 13:51:42.262556,KRW-BTC,106953000.0,0.00042072,ASK,106953000.0,106963000.0,0.07105985,0.04998421,1.75474632,12.37763107
2026-09-08 13:51:42.263151,KRW-BTC,106953000.0,0.00019764,ASK,106953000.0,106963000.0,0.07105985,0.04998421,1.75474632,12.37763107
2026-09-08 13:51:42.264003,KRW-BTC,106953000.0,0.00018699,ASK,106953000.0,106963000.0,0.07105985,0.04998421,1.75474632,12.37763107
2026-09-08 13:51:42.264817,KRW-BTC,106953000.0,0.05120476,ASK,106953000.0,106963000.0,0.07105985,0.04998421,1.75474632,12.37763107
2026-09-08 13:51:42.268450,KRW-BTC,106955000.0,0.00186994,ASK,106953000.0,106963000.0,0.07105985,0.04998421,1.75474632,12.37763107
2026-09-08 13:51:42.270571,KRW-BTC,106954000.0,0.05222293,ASK,106953000.0,106963000.0,0.07105985,0.04998421,1.75474632,12.37763107
2026-09-08 13:51:42.271755,KRW-BTC,106953000.0,0.0090735,ASK,106953000.0,106963000.0,0.07105985,0.04998421,1.75474632,12.37763107
2026-09-08 13:51:42.272689,KRW-BTC,106953000.0,0.005,ASK,106953000.0,106963000.0,0.07105985,0.04998421,1.75474632,12.37763107
2026-09-08 13:51:42.273383,KRW-BTC,106953000.0,0.00042072,ASK,106953000.0,106963000.0,0.07105985,0.04998421,1.75474632,12.37763107
2026-09-08 13:51:42.273930,KRW-BTC,106953000.0,0.00019764,ASK,106953000.0,106963000.0,0.07105985,0.04998421,1.75474632,12.37763107
2026-09-08 13:51:42.274428,KRW-BTC,106953000.0,0.00018699,ASK,106953000.0,106963000.0,0.07105985,0.04998421,1.75474632,12.37763107
2026-09-08 13:51:42.275107,KRW-BTC,106953000.0,0.05120476,ASK,106953000.0,106963000.0,0.07105985,0.04998421,1.75474632,12.37763107
2026-09-08 13:51:44.337392,KRW-BTC,106953000.0,0.0085,ASK,106953000.0,106963000.0,0.07105985,0.04998421,1.77641795,12.43207087
2026-09-08 13:51:44.427277,KRW-BTC,106953000.0,0.0085,ASK,106953000.0,106963000.0,0.06255985,0.04998421,1.76791795,12.43207087
2026-09-08 13:51:48.045544,KRW-BTC,106953000.0,0.00067427,ASK,106953000.0,106963000.0,0.06188558,0.04998421,1.73635004,12.48353683
2026-09-08 13:51:48.045602,KRW-BTC,106953000.0,0.00067427,ASK,106953000.0,106963000.0,0.06188558,0.04998421,1.73635004,12.48353683
2026-09-08 13:51:48.920097,KRW-BTC,106953000.0,0.00901631,ASK,106953000.0,106963000.0,0.06188558,0.04998421,1.73822071,12.47452052
2026-09-08 13:51:48.922900,KRW-BTC,106953000.0,0.00901631,ASK,106953000.0,106963000.0,0.06188558,0.04998421,1.73822071,12.47452052
2026-09-08 13:51:49.118992,KRW-BTC,106963000.0,0.00186959,BID,106953000.0,106963000.0,0.05286927,0.04998421,1.7292044,12.47452052
2026-09-08 13:51:49.121212,KRW-BTC,106963000.0,0.00186959,BID,106953000.0,106963000.0,0.05286927,0.04998421,1.7292044,12.47452052
2026-09-08 13:51:49.341753,KRW-BTC,106953000.0,0.04810083,ASK,106952000.0,106953000.0,0.03175436,0.02058332,1.70731508,12.44171425
2026-09-08 13:51:49.342278,KRW-BTC,106953000.0,0.04810083,ASK,106952000.0,106953000.0,0.03175436,0.02058332,1.70731508,12.44171425
2026-09-08 13:51:49.343680,KRW-BTC,106953000.0,0.00476844,ASK,106952000.0,106953000.0,0.03175436,0.02058332,1.70731508,12.44171425
2026-09-08 13:51:49.344351,KRW-BTC,106953000.0,0.00476844,ASK,106952000.0,106953000.0,0.03175436,0.02058332,1.70731508,12.44171425
2026-09-08 13:51:49.358815,KRW-BTC,106953000.0,0.00065416,BID,106952000.0,106953000.0,0.03175436,0.02058332,1.70731508,12.44171425
2026-09-08 13:51:49.364181,KRW-BTC,106953000.0,0.00065416,BID,106952000.0,106953000.0,0.03175436,0.02058332,1.70731508,12.44171425
2026-09-08 13:51:50.635021,KRW-BTC,106953000.0,0.00048465,BID,106952000.0,106953000.0,0.03175436,0.02058332,1.70739864,12.44025425
2026-09-08 13:51:50.635450,KRW-BTC,106953000.0,0.00048465,BID,106952000.0,106953000.0,0.03175436,0.02058332,1.70739864,12.44025425
2026-09-08 13:52:01.501928,KRW-BTC,106953000.0,0.02009867,BID,106952000.0,106953000.0,0.03268935,0.02009867,1.71604265,12.43966364
2026-09-08 13:52:01.506187,KRW-BTC,106953000.0,0.02009867,BID,106952000.0,106953000.0,0.03268935,0.02009867,1.71604265,12.43966364
2026-09-08 13:52:06.057612,KRW-BTC,106953000.0,0.01649747,ASK,106953000.0,106961000.0,0.0515113,0.00335404,1.75169339,12.47108497
2026-09-08 13:52:06.106413,KRW-BTC,106953000.0,0.01649747,ASK,106953000.0,106961000.0,0.0515113,0.00335404,1.75169339,12.47108497
2026-09-08 13:52:10.911444,KRW-BTC,106953000.0,0.0005,ASK,106953000.0,106961000.0,0.0515113,0.00435404,1.78287367,12.47208497
2026-09-08 13:52:17.873234,KRW-BTC,106961000.0,0.0006531,BID,106953000.0,106961000.0,0.05194629,0.00370094,1.75223202,12.47005025
2026-09-08 13:52:17.873801,KRW-BTC,106961000.0,0.0006531,BID,106953000.0,106961000.0,0.05194629,0.00370094,1.75223202,12.47005025
2026-09-08 13:52:19.478054,KRW-BTC,106953000.0,0.00069815,ASK,106953000.0,106961000.0,0.06194629,0.00370094,1.75223202,12.47005025
2026-09-08 13:52:19.479120,KRW-BTC,106953000.0,0.00069815,ASK,106953000.0,106961000.0,0.06194629,0.00370094,1.75223202,12.47005025
2026-09-08 13:52:21.843848,KRW-BTC,106953000.0,0.04958693,ASK,106953000.0,106961000.0,0.01166121,0.00370094,1.70194694,12.51863025
2026-09-08 13:52:21.843907,KRW-BTC,106953000.0,0.04958693,ASK,106953000.0,106961000.0,0.01166121,0.00370094,1.70194694,12.51863025
2026-09-08 13:52:29.353127,KRW-BTC,106961000.0,0.00093492,BID,106953000.0,106961000.0,0.0125962,0.00276602,1.73351548,12.4810241
2026-09-08 13:52:29.353667,KRW-BTC,106961000.0,0.00093492,BID,106953000.0,106961000.0,0.0125962,0.00276602,1.73351548,12.4810241
2026-09-08 13:52:31.638823,KRW-BTC,106953000.0,0.00072622,ASK,106952000.0,106953000.0,0.03362434,0.03341646,1.72185404,12.46586056
2026-09-08 13:52:31.639976,KRW-BTC,106953000.0,0.00093499,ASK,106952000.0,106953000.0,0.03362434,0.03341646,1.72185404,12.46586056
2026-09-08 13:52:31.640561,KRW-BTC,106953000.0,0.01,ASK,106952000.0,106953000.0,0.03362434,0.03341646,1.72185404,12.46586056
2026-09-08 13:52:31.641394,KRW-BTC,106953000.0,0.00093499,ASK,106952000.0,106953000.0,0.03362434,0.03341646,1.72185404,12.46586056
2026-09-08 13:52:31.649014,KRW-BTC,106953000.0,0.00072622,ASK,106952000.0,106953000.0,0.03362434,0.03341646,1.72185404,12.46586056
2026-09-08 13:52:31.650535,KRW-BTC,106953000.0,0.00093499,ASK,106952000.0,106953000.0,0.03362434,0.03341646,1.72185404,12.46586056
2026-09-08 13:52:31.652240,KRW-BTC,106953000.0,0.01,ASK,106952000.0,106953000.0,0.03362434,0.03341646,1.72185404,12.46586056
2026-09-08 13:52:31.653656,KRW-BTC,106953000.0,0.00093499,ASK,106952000.0,106953000.0,0.03362434,0.03341646,1.72185404,12.46586056
2026-09-08 13:52:32.332675,KRW-BTC,106953000.0,9.349e-05,BID,106952000.0,106953000.0,0.03362434,0.03341646,1.72369907,12.46486056
2026-09-08 13:52:32.333153,KRW-BTC,106953000.0,9.349e-05,BID,106952000.0,106953000.0,0.03362434,0.03341646,1.72369907,12.46486056
2026-09-08 13:52:33.628758,KRW-BTC,106952000.0,0.0002,ASK,106952000.0,106953000.0,0.03362434,0.03332297,1.69257567,12.43344138
2026-09-08 13:52:33.629884,KRW-BTC,106952000.0,0.00080147,ASK,106952000.0,106953000.0,0.03362434,0.03332297,1.69257567,12.43344138
2026-09-08 13:52:33.655814,KRW-BTC,106952000.0,0.0002,ASK,106952000.0,106953000.0,0.03262287,0.03332297,1.6915742,12.43344138
2026-09-08 13:52:33.657617,KRW-BTC,106952000.0,0.00080147,ASK,106952000.0,106953000.0,0.03262287,0.03332297,1.6915742,12.43344138
2026-09-08 13:52:34.562954,KRW-BTC,106952000.0,0.01789011,ASK,106951000.0,106952000.0,0.07213434,0.02181693,1.7068049,12.29393515
2026-09-08 13:52:34.564224,KRW-BTC,106952000.0,0.003,ASK,106951000.0,106952000.0,0.07213434,0.02181693,1.7068049,12.29393515
2026-09-08 13:52:34.565510,KRW-BTC,106952000.0,0.00560901,ASK,106951000.0,106952000.0,0.07213434,0.02181693,1.7068049,12.29393515
2026-09-08 13:52:34.566542,KRW-BTC,106952000.0,0.00373999,ASK,106951000.0,106952000.0,0.07213434,0.02181693,1.7068049,12.29393515
2026-09-08 13:52:34.567795,KRW-BTC,106952000.0,0.01789011,ASK,106951000.0,106952000.0,0.07213434,0.02181693,1.7068049,12.29393515
2026-09-08 13:52:34.568635,KRW-BTC,106952000.0,0.003,ASK,106951000.0,106952000.0,0.07213434,0.02181693,1.7068049,12.29393515
2026-09-08 13:52:34.569400,KRW-BTC,106952000.0,0.00560901,ASK,106951000.0,106952000.0,0.07213434,0.02181693,1.7068049,12.29393515
2026-09-08 13:52:34.570039,KRW-BTC,106952000.0,0.00373999,ASK,106951000.0,106952000.0,0.07213434,0.02181693,1.7068049,12.29393515
2026-09-08 13:52:34.570626,KRW-BTC,106952000.0,0.00042031,ASK,106951000.0,106952000.0,0.07213434,0.02181693,1.7068049,12.29393515
2026-09-08 13:52:34.571231,KRW-BTC,106952000.0,9.347e-05,ASK,106951000.0,106952000.0,0.07213434,0.02181693,1.7068049,12.29393515
2026-09-08 13:52:34.571856,KRW-BTC,106952000.0,0.00093499,ASK,106951000.0,106952000.0,0.07213434,0.02181693,1.7068049,12.29393515
2026-09-08 13:52:34.572990,KRW-BTC,106952000.0,0.00093499,ASK,106951000.0,106952000.0,0.07213434,0.02181693,1.7068049,12.29393515
2026-09-08 13:52:34.630735,KRW-BTC,106952000.0,0.00042031,ASK,106951000.0,106952000.0,0.07213434,0.02181693,1.7068049,12.29393515
2026-09-08 13:52:34.631867,KRW-BTC,106952000.0,9.347e-05,ASK,106951000.0,106952000.0,0.07213434,0.02181693,1.7068049,12.29393515
2026-09-08 13:52:34.632782,KRW-BTC,106952000.0,0.00093499,ASK,106951000.0,106952000.0,0.07213434,0.02181693,1.7068049,12.29393515
2026-09-08 13:52:34.633553,KRW-BTC,106952000.0,0.00093499,ASK,106951000.0,106952000.0,0.07213434,0.02181693,1.7068049,12.29393515
2026-09-08 13:52:36.853247,KRW-BTC,106952000.0,4.674e-05,BID,106951000.0,106952000.0,0.07213434,0.01919911,1.66179503,12.39697733
2026-09-08 13:52:36.854170,KRW-BTC,106952000.0,9.349e-05,BID,106951000.0,106952000.0,0.07213434,0.01919911,1.66179503,12.39697733
2026-09-08 13:52:36.854900,KRW-BTC,106952000.0,4.674e-05,BID,106951000.0,106952000.0,0.07213434,0.01919911,1.66179503,12.39697733
2026-09-08 13:52:36.855604,KRW-BTC,106952000.0,4.674e-05,BID,106951000.0,106952000.0,0.07213434,0.01919911,1.66179503,12.39697733
2026-09-08 13:52:36.856236,KRW-BTC,106952000.0,7.012e-05,BID,106951000.0,106952000.0,0.07213434,0.01919911,1.66179503,12.39697733
2026-09-08 13:52:36.856916,KRW-BTC,106952000.0,9.349e-05,BID,106951000.0,106952000.0,0.07213434,0.01919911,1.66179503,12.39697733
2026-09-08 13:52:36.857538,KRW-BTC,106952000.0,0.00011687,BID,106951000.0,106952000.0,0.07213434,0.01919911,1.66179503,12.39697733
2026-09-08 13:52:36.858022,KRW-BTC,106952000.0,7.012e-05,BID,106951000.0,106952000.0,0.07213434,0.01919911,1.66179503,12.39697733
2026-09-08 13:52:36.858639,KRW-BTC,106952000.0,9.349e-05,BID,106951000.0,106952000.0,0.07213434,0.01919911,1.66179503,12.39697733
2026-09-08 13:52:36.859310,KRW-BTC,106952000.0,0.00011687,BID,106951000.0,106952000.0,0.07213434,0.01919911,1.66179503,12.39697733
2026-09-08 13:52:36.863564,KRW-BTC,106952000.0,4.674e-05,BID,106951000.0,106952000.0,0.07213434,0.01919911,1.66179503,12.39697733
2026-09-08 13:52:36.864339,KRW-BTC,106952000.0,9.349e-05,BID,106951000.0,106952000.0,0.07213434,0.01919911,1.66179503,12.39697733
2026-09-08 13:52:36.865510,KRW-BTC,106952000.0,4.674e-05,BID,106951000.0,106952000.0,0.07213434,0.01919911,1.66179503,12.39697733
2026-09-08 13:52:36.873422,KRW-BTC,106952000.0,4.674e-05,BID,106951000.0,106952000.0,0.07213434,0.01919911,1.66179503,12.39697733
2026-09-08 13:52:36.874180,KRW-BTC,106952000.0,0.00093499,BID,106951000.0,106952000.0,0.07213434,0.01919911,1.66179503,12.39697733
2026-09-08 13:52:36.877742,KRW-BTC,106952000.0,9.349e-05,BID,106951000.0,106952000.0,0.07213434,0.01919911,1.66179503,12.39697733
2026-09-08 13:52:36.878427,KRW-BTC,106952000.0,9.349e-05,BID,106951000.0,106952000.0,0.07213434,0.01919911,1.66179503,12.39697733
2026-09-08 13:52:36.956618,KRW-BTC,106952000.0,9.349e-05,BID,106951000.0,106952000.0,0.07213434,0.01919911,1.66179503,12.39697733
2026-09-08 13:52:36.957581,KRW-BTC,106952000.0,0.00023374,BID,106951000.0,106952000.0,0.07213434,0.01919911,1.66179503,12.39697733
2026-09-08 13:52:36.958596,KRW-BTC,106952000.0,9.349e-05,BID,106951000.0,106952000.0,0.07213434,0.01919911,1.66179503,12.39697733
2026-09-08 13:52:36.959648,KRW-BTC,106952000.0,9.349e-05,BID,106951000.0,106952000.0,0.07213434,0.01919911,1.66179503,12.39697733
2026-09-08 13:52:36.960404,KRW-BTC,106952000.0,4.674e-05,BID,106951000.0,106952000.0,0.07213434,0.01919911,1.66179503,12.39697733
2026-09-08 13:52:36.960921,KRW-BTC,106952000.0,9.349e-05,BID,106951000.0,106952000.0,0.07213434,0.01919911,1.66179503,12.39697733
2026-09-08 13:52:36.961829,KRW-BTC,106952000.0,9.349e-05,BID,106951000.0,106952000.0,0.07213434,0.01919911,1.66179503,12.39697733
2026-09-08 13:52:36.962599,KRW-BTC,106952000.0,0.00014024,BID,106951000.0,106952000.0,0.07213434,0.01919911,1.66179503,12.39697733
2026-09-08 13:52:36.974617,KRW-BTC,106952000.0,0.00011687,BID,106951000.0,106952000.0,0.07213434,0.01884851,1.66179503,12.39662673
2026-09-08 13:52:37.078269,KRW-BTC,106952000.0,4.674e-05,BID,106951000.0,106952000.0,0.07213434,0.01884851,1.66179503,12.39662673
2026-09-08 13:52:37.079022,KRW-BTC,106952000.0,7.012e-05,BID,106951000.0,106952000.0,0.07213434,0.01884851,1.66179503,12.39662673
2026-09-08 13:52:37.079671,KRW-BTC,106952000.0,9.349e-05,BID,106951000.0,106952000.0,0.07213434,0.01884851,1.66179503,12.39662673
2026-09-08 13:52:37.080281,KRW-BTC,106952000.0,0.00011687,BID,106951000.0,106952000.0,0.07213434,0.01884851,1.66179503,12.39662673
2026-09-08 13:52:37.081024,KRW-BTC,106952000.0,7.012e-05,BID,106951000.0,106952000.0,0.07213434,0.01884851,1.66179503,12.39662673
2026-09-08 13:52:37.081635,KRW-BTC,106952000.0,9.349e-05,BID,106951000.0,106952000.0,0.07213434,0.01884851,1.66179503,12.39662673
2026-09-08 13:52:37.082536,KRW-BTC,106952000.0,0.00011687,BID,106951000.0,106952000.0,0.07213434,0.01884851,1.66179503,12.39662673
2026-09-08 13:52:37.083423,KRW-BTC,106952000.0,4.674e-05,BID,106951000.0,106952000.0,0.07213434,0.01884851,1.66179503,12.39662673
2026-09-08 13:52:37.084207,KRW-BTC,106952000.0,0.00093499,BID,106951000.0,106952000.0,0.07213434,0.01884851,1.66179503,12.39662673
2026-09-08 13:52:37.084897,KRW-BTC,106952000.0,9.349e-05,BID,106951000.0,106952000.0,0.07213434,0.01884851,1.66179503,12.39662673
2026-09-08 13:52:37.085571,KRW-BTC,106952000.0,9.349e-05,BID,106951000.0,106952000.0,0.07213434,0.01884851,1.66179503,12.39662673
2026-09-08 13:52:37.086300,KRW-BTC,106952000.0,9.349e-05,BID,106951000.0,106952000.0,0.07213434,0.01884851,1.66179503,12.39662673
2026-09-08 13:52:37.086956,KRW-BTC,106952000.0,0.00023374,BID,106951000.0,106952000.0,0.07213434,0.01884851,1.66179503,12.39662673
2026-09-08 13:52:37.087711,KRW-BTC,106952000.0,9.349e-05,BID,106951000.0,106952000.0,0.07213434,0.01884851,1.66179503,12.39662673
2026-09-08 13:52:37.088779,KRW-BTC,106952000.0,9.349e-05,BID,106951000.0,106952000.0,0.07213434,0.01884851,1.66179503,12.39662673
2026-09-08 13:52:37.089987,KRW-BTC,106952000.0,4.674e-05,BID,106951000.0,106952000.0,0.07213434,0.01884851,1.66179503,12.39662673
2026-09-08 13:52:37.091109,KRW-BTC,106952000.0,9.349e-05,BID,106951000.0,106952000.0,0.07213434,0.01884851,1.66179503,12.39662673
2026-09-08 13:52:37.092392,KRW-BTC,106952000.0,9.349e-05,BID,106951000.0,106952000.0,0.07213434,0.01884851,1.66179503,12.39662673
2026-09-08 13:52:37.093122,KRW-BTC,106952000.0,0.00014024,BID,106951000.0,106952000.0,0.07213434,0.01884851,1.66179503,12.39662673
2026-09-08 13:52:37.093982,KRW-BTC,106952000.0,0.00011687,BID,106951000.0,106952000.0,0.07213434,0.01884851,1.66179503,12.39662673
2026-09-08 13:52:40.117071,KRW-BTC,106952000.0,0.01884851,BID,106951000.0,106952000.0,0.07213434,0.01884851,1.66179503,12.39662673
2026-09-08 13:52:44.941941,KRW-BTC,106953000.0,0.00093499,BID,106952000.0,106953000.0,0.04722168,0.03332297,1.69049506,12.82635822
2026-09-08 13:52:44.942370,KRW-BTC,106953000.0,0.00093499,BID,106952000.0,106953000.0,0.04722168,0.03332297,1.69049506,12.82635822
2026-09-08 13:52:45.311041,KRW-BTC,106953000.0,0.00198176,BID,106952000.0,106953000.0,0.04722168,0.03238798,1.69049506,12.82542323
2026-09-08 13:52:48.320863,KRW-BTC,106953000.0,0.0012759,BID,106952000.0,106953000.0,0.07754757,0.03040622,1.76575034,12.82344147
2026-09-08 13:52:48.331302,KRW-BTC,106953000.0,0.0012759,BID,106952000.0,106953000.0,0.07754757,0.02913032,1.76575034,12.82216557
2026-09-08 13:52:49.076207,KRW-BTC,106953000.0,4.675e-05,BID,106952000.0,106953000.0,0.07754757,0.02908357,1.76575034,12.82211882
2026-09-08 13:52:53.057086,KRW-BTC,106953000.0,9.349e-05,BID,106952000.0,106953000.0,0.07754757,0.05736834,1.72097542,12.40182359
2026-09-08 13:52:53.061415,KRW-BTC,106953000.0,9.349e-05,BID,106952000.0,106953000.0,0.07754757,0.05736834,1.72097542,12.40182359
2026-09-08 13:52:55.479407,KRW-BTC,106952000.0,0.00011343,ASK,106952000.0,106953000.0,0.07754757,0.05736834,1.76621784,12.50574767
2026-09-08 13:52:55.480676,KRW-BTC,106952000.0,0.00011343,ASK,106952000.0,106953000.0,0.07754757,0.05736834,1.76621784,12.50574767
2026-09-08 13:52:56.285632,KRW-BTC,106953000.0,0.00093499,BID,106952000.0,106953000.0,0.07743414,0.24407859,1.76610441,12.69245792
2026-09-08 13:52:56.285801,KRW-BTC,106953000.0,0.00093499,BID,106952000.0,106953000.0,0.07743414,0.24407859,1.76610441,12.69245792
2026-09-08 13:53:02.419893,KRW-BTC,106953000.0,0.00028049,BID,106952000.0,106953000.0,0.07743414,0.24407859,1.76610441,12.70948791
2026-09-08 13:53:02.420165,KRW-BTC,106953000.0,0.00028049,BID,106952000.0,106953000.0,0.07743414,0.24407859,1.76610441,12.70948791
2026-09-08 13:53:02.921358,KRW-BTC,106952000.0,0.00914878,ASK,106952000.0,106953000.0,0.07743414,0.2437981,1.7661979,12.70920742
2026-09-08 13:53:02.921617,KRW-BTC,106952000.0,0.00914878,ASK,106952000.0,106953000.0,0.07743414,0.2437981,1.7661979,12.70920742
2026-09-08 13:53:02.924029,KRW-BTC,106952000.0,0.00923298,ASK,106952000.0,106953000.0,0.07743414,0.2437981,1.7661979,12.70920742
2026-09-08 13:53:02.924169,KRW-BTC,106952000.0,0.00923298,ASK,106952000.0,106953000.0,0.07743414,0.2437981,1.7661979,12.70920742
2026-09-08 13:53:04.057377,KRW-BTC,106952000.0,0.00374,ASK,106952000.0,106953000.0,0.05531238,0.2437981,1.69930122,12.70920742
2026-09-08 13:53:04.068424,KRW-BTC,106952000.0,0.00374,ASK,106952000.0,106953000.0,0.05531238,0.2437981,1.69930122,12.70920742
2026-09-08 13:53:05.294956,KRW-BTC,106953000.0,0.0277746,BID,106952000.0,106953000.0,0.05531238,0.2437981,1.69930122,12.70920742
2026-09-08 13:53:05.296894,KRW-BTC,106953000.0,0.02837826,BID,106952000.0,106953000.0,0.05531238,0.2437981,1.69930122,12.70920742
2026-09-08 13:53:05.297426,KRW-BTC,106953000.0,0.02837826,BID,106952000.0,106953000.0,0.05531238,0.2437981,1.69930122,12.70920742
2026-09-08 13:53:05.298479,KRW-BTC,106953000.0,0.04181192,BID,106952000.0,106953000.0,0.05531238,0.2437981,1.69930122,12.70920742
2026-09-08 13:53:05.299297,KRW-BTC,106953000.0,0.04181192,BID,106952000.0,106953000.0,0.05531238,0.2437981,1.69930122,12.70920742
2026-09-08 13:53:06.146159,KRW-BTC,106952000.0,0.0006,ASK,106952000.0,106953000.0,0.05471238,0.14583332,1.69870122,12.59838964
2026-09-08 13:53:06.156707,KRW-BTC,106952000.0,0.0006,ASK,106952000.0,106953000.0,0.05471238,0.14583332,1.69870122,12.59838964
2026-09-08 13:53:08.953500,KRW-BTC,106952000.0,0.02438649,ASK,106952000.0,106953000.0,0.02712597,0.16397295,1.67111481,12.57758227
2026-09-08 13:53:08.955062,KRW-BTC,106952000.0,0.00329341,ASK,106952000.0,106953000.0,0.02712597,0.16397295,1.67111481,12.57758227
2026-09-08 13:53:08.955758,KRW-BTC,106952000.0,0.00329341,ASK,106952000.0,106953000.0,0.02712597,0.16397295,1.67111481,12.57758227
2026-09-08 13:53:09.011843,KRW-BTC,106952000.0,0.02422734,ASK,106952000.0,106953000.0,0.02712597,0.16397295,1.67111481,12.57758227
2026-09-08 13:53:09.012518,KRW-BTC,106952000.0,0.00233779,ASK,106952000.0,106953000.0,0.02712597,0.16397295,1.67111481,12.57758227
2026-09-08 13:53:09.013590,KRW-BTC,106952000.0,0.00046735,ASK,106952000.0,106953000.0,0.02712597,0.16397295,1.67111481,12.57758227
2026-09-08 13:53:09.014709,KRW-BTC,106952000.0,9.349e-05,ASK,106952000.0,106953000.0,0.02712597,0.16397295,1.67111481,12.57758227
2026-09-08 13:53:09.016654,KRW-BTC,106952000.0,0.02422734,ASK,106952000.0,106953000.0,0.02712597,0.16397295,1.67111481,12.57758227
2026-09-08 13:53:09.017375,KRW-BTC,106952000.0,0.00233779,ASK,106952000.0,106953000.0,0.02712597,0.16397295,1.67111481,12.57758227
2026-09-08 13:53:09.017904,KRW-BTC,106952000.0,0.00046735,ASK,106952000.0,106953000.0,0.02712597,0.16397295,1.67111481,12.57758227
2026-09-08 13:53:09.018496,KRW-BTC,106952000.0,9.349e-05,ASK,106952000.0,106953000.0,0.02712597,0.16397295,1.67111481,12.57758227
2026-09-08 13:53:09.020470,KRW-BTC,106951000.0,0.00011389,ASK,106952000.0,106953000.0,0.02712597,0.16397295,1.67111481,12.57758227
2026-09-08 13:53:09.235945,KRW-BTC,106951000.0,0.00011389,ASK,106951000.0,106953000.0,0.07248795,0.16397295,1.6623966,12.57758227
2026-09-08 13:53:09.650215,KRW-BTC,106953000.0,0.00186999,BID,106951000.0,106953000.0,0.07248795,0.16210296,1.6623966,12.57571228
2026-09-08 13:53:09.652046,KRW-BTC,106953000.0,0.00186999,BID,106951000.0,106953000.0,0.07248795,0.16210296,1.6623966,12.57571228
2026-09-08 13:53:09.854777,KRW-BTC,106953000.0,0.00093499,BID,106951000.0,106953000.0,0.07248795,0.16116797,1.66174241,12.57477729
2026-09-08 13:53:09.855445,KRW-BTC,106953000.0,0.00093499,BID,106951000.0,106953000.0,0.07248795,0.16116797,1.66174241,12.57477729
2026-09-08 13:53:10.327810,KRW-BTC,106951000.0,0.01399516,ASK,106951000.0,106953000.0,0.07248795,0.16116797,1.66174241,12.57477729
2026-09-08 13:53:10.329750,KRW-BTC,106951000.0,0.005,ASK,106951000.0,106953000.0,0.07248795,0.16116797,1.66174241,12.57477729
2026-09-08 13:53:10.333874,KRW-BTC,106951000.0,0.00206674,ASK,106951000.0,106953000.0,0.07248795,0.16116797,1.66174241,12.57477729
2026-09-08 13:53:10.334032,KRW-BTC,106951000.0,0.01399516,ASK,106951000.0,106953000.0,0.07248795,0.16116797,1.66174241,12.57477729
2026-09-08 13:53:10.335811,KRW-BTC,106951000.0,0.005,ASK,106951000.0,106953000.0,0.05142605,0.16116797,1.64068051,12.57477729
2026-09-08 13:53:10.337277,KRW-BTC,106951000.0,0.00206674,ASK,106951000.0,106953000.0,0.05142605,0.16116797,1.64068051,12.57477729
2026-09-08 13:53:11.341378,KRW-BTC,106951000.0,0.00260128,ASK,106951000.0,106953000.0,0.05142605,0.16116797,1.64068051,12.62657729
2026-09-08 13:53:11.342313,KRW-BTC,106951000.0,0.00260128,ASK,106951000.0,106953000.0,0.05142605,0.16116797,1.64068051,12.62657729
2026-09-08 13:53:11.343813,KRW-BTC,106951000.0,0.00171571,ASK,106951000.0,106953000.0,0.05142605,0.16116797,1.64068051,12.62657729
2026-09-08 13:53:11.344627,KRW-BTC,106951000.0,0.00171571,ASK,106951000.0,106953000.0,0.05142605,0.16116797,1.64068051,12.62657729
2026-09-08 13:53:11.345588,KRW-BTC,106951000.0,0.00443226,ASK,106951000.0,106953000.0,0.05142605,0.16116797,1.64068051,12.62657729
2026-09-08 13:53:11.348206,KRW-BTC,106951000.0,0.00443226,ASK,106951000.0,106953000.0,0.0426768,0.16116797,1.63193126,12.62657729
2026-09-08 13:53:18.536407,KRW-BTC,106952000.0,0.00185739,ASK,106952000.0,106953000.0,0.00185739,0.17051787,1.66015088,3.75468349
2026-09-08 13:53:18.537535,KRW-BTC,106951000.0,0.0074692,ASK,106952000.0,106953000.0,0.00185739,0.17051787,1.66015088,3.75468349
2026-09-08 13:53:18.537930,KRW-BTC,106951000.0,0.0074692,ASK,106952000.0,106953000.0,0.00185739,0.17051787,1.66015088,3.75468349
2026-09-08 13:53:18.724429,KRW-BTC,106951000.0,0.00678934,ASK,106951000.0,106953000.0,0.0352076,0.17051787,1.62446206,12.58537279
2026-09-08 13:53:18.725093,KRW-BTC,106951000.0,0.00187001,ASK,106951000.0,106953000.0,0.0352076,0.17051787,1.62446206,12.58537279
2026-09-08 13:53:18.725814,KRW-BTC,106951000.0,0.00186908,ASK,106951000.0,106953000.0,0.0352076,0.17051787,1.62446206,12.58537279
2026-09-08 13:53:18.726436,KRW-BTC,106951000.0,0.01273389,ASK,106951000.0,106953000.0,0.0352076,0.17051787,1.62446206,12.58537279
2026-09-08 13:53:18.770155,KRW-BTC,106951000.0,0.00678934,ASK,106951000.0,106953000.0,0.01194528,0.17051787,1.60119974,12.58537279
2026-09-08 13:53:18.775656,KRW-BTC,106951000.0,0.00187001,ASK,106951000.0,106953000.0,0.01194528,0.17051787,1.60119974,12.58537279
2026-09-08 13:53:18.784271,KRW-BTC,106951000.0,0.00186908,ASK,106951000.0,106953000.0,0.01194528,0.17051787,1.60119974,12.58537279
2026-09-08 13:53:18.785627,KRW-BTC,106951000.0,0.01273389,ASK,106951000.0,106953000.0,0.01194528,0.17051787,1.60119974,12.58537279
2026-09-08 13:53:18.867348,KRW-BTC,106951000.0,0.00596396,ASK,106951000.0,106953000.0,0.0026044,0.17051787,1.59185886,12.58381279
2026-09-08 13:53:18.868805,KRW-BTC,106951000.0,0.00337692,ASK,106951000.0,106953000.0,0.0026044,0.17051787,1.59185886,12.58381279
2026-09-08 13:53:18.874349,KRW-BTC,106951000.0,0.00596396,ASK,106951000.0,106953000.0,0.0026044,0.17051787,1.59185886,12.58381279
2026-09-08 13:53:18.875209,KRW-BTC,106951000.0,0.00337692,ASK,106951000.0,106953000.0,0.0026044,0.17051787,1.59185886,12.58381279
2026-09-08 13:53:19.174177,KRW-BTC,106952000.0,0.01,ASK,106950000.0,106953000.0,0.17068813,0.17051787,1.61987361,12.63561279
2026-09-08 13:53:19.175844,KRW-BTC,106951000.0,0.00129578,ASK,106950000.0,106953000.0,0.17068813,0.17051787,1.61987361,12.63561279
2026-09-08 13:53:19.177598,KRW-BTC,106951000.0,0.0002805,ASK,106950000.0,106953000.0,0.17068813,0.17051787,1.61987361,12.63561279
2026-09-08 13:53:19.179140,KRW-BTC,106952000.0,0.01,ASK,106950000.0,106953000.0,0.17068813,0.17051787,1.61987361,12.63561279
2026-09-08 13:53:19.180497,KRW-BTC,106951000.0,0.00129578,ASK,106950000.0,106953000.0,0.17068813,0.17051787,1.61987361,12.63561279
2026-09-08 13:53:19.181884,KRW-BTC,106951000.0,0.0002805,ASK,106950000.0,106953000.0,0.17068813,0.17051787,1.61987361,12.63561279
2026-09-08 13:53:19.183466,KRW-BTC,106951000.0,9.35e-05,ASK,106950000.0,106953000.0,0.17068813,0.17051787,1.61987361,12.63561279
2026-09-08 13:53:19.196066,KRW-BTC,106951000.0,0.00037362,ASK,106950000.0,106953000.0,0.17068813,0.17051787,1.61987361,12.63561279
2026-09-08 13:53:19.196863,KRW-BTC,106951000.0,9.35e-05,ASK,106950000.0,106953000.0,0.17068813,0.17051787,1.61987361,12.63561279
2026-09-08 13:53:19.197423,KRW-BTC,106951000.0,0.0004675,ASK,106950000.0,106953000.0,0.17068813,0.17051787,1.61987361,12.63561279
2026-09-08 13:53:19.198055,KRW-BTC,106950000.0,0.01875639,ASK,106950000.0,106953000.0,0.17068813,0.17051787,1.61987361,12.63561279
2026-09-08 13:53:19.395456,KRW-BTC,106951000.0,9.35e-05,ASK,106950000.0,106953000.0,0.17068813,0.17051787,1.61987361,12.63561279
2026-09-08 13:53:19.397127,KRW-BTC,106951000.0,0.00037362,ASK,106950000.0,106953000.0,0.17068813,0.17051787,1.61987361,12.63561279
2026-09-08 13:53:19.398767,KRW-BTC,106951000.0,9.35e-05,ASK,106950000.0,106953000.0,0.17068813,0.17051787,1.61987361,12.63561279
2026-09-08 13:53:19.400320,KRW-BTC,106951000.0,0.0004675,ASK,106950000.0,106953000.0,0.17068813,0.17051787,1.61987361,12.63561279
2026-09-08 13:53:19.401871,KRW-BTC,106950000.0,0.01875639,ASK,106950000.0,106953000.0,0.17068813,0.17051787,1.61987361,12.63561279
2026-09-08 13:53:20.412138,KRW-BTC,106951000.0,4.778e-05,ASK,106951000.0,106953000.0,0.000187,0.17051787,1.57068507,12.63561279
2026-09-08 13:53:20.419912,KRW-BTC,106951000.0,4.778e-05,ASK,106951000.0,106953000.0,0.000187,0.17051787,1.57068507,12.63561279
2026-09-08 13:53:23.160704,KRW-BTC,106951000.0,0.00013922,ASK,106950000.0,106953000.0,0.15845118,0.17051787,1.60763666,12.61047954
2026-09-08 13:53:23.161851,KRW-BTC,106950000.0,0.01223695,ASK,106950000.0,106953000.0,0.15845118,0.17051787,1.60763666,12.61047954
2026-09-08 13:53:23.162437,KRW-BTC,106950000.0,0.01223695,ASK,106950000.0,106953000.0,0.15845118,0.17051787,1.60763666,12.61047954
2026-09-08 13:53:27.442949,KRW-BTC,106950000.0,0.02600724,ASK,106950000.0,106953000.0,0.13043953,0.17051787,1.58056038,12.61047954
2026-09-08 13:53:27.444465,KRW-BTC,106950000.0,4.676e-05,ASK,106950000.0,106953000.0,0.13043953,0.17051787,1.58056038,12.61047954
2026-09-08 13:53:27.445734,KRW-BTC,106950000.0,0.0002805,ASK,106950000.0,106953000.0,0.13043953,0.17051787,1.58056038,12.61047954
2026-09-08 13:53:27.457017,KRW-BTC,106950000.0,0.00046728,ASK,106950000.0,106953000.0,0.13043953,0.17051787,1.58056038,12.61047954
2026-09-08 13:53:27.458030,KRW-BTC,106950000.0,4.721e-05,ASK,106950000.0,106953000.0,0.13043953,0.17051787,1.58056038,12.61047954
2026-09-08 13:53:27.459108,KRW-BTC,106950000.0,4.721e-05,ASK,106950000.0,106953000.0,0.13043953,0.17051787,1.58056038,12.61047954
2026-09-08 13:53:27.460048,KRW-BTC,106950000.0,0.00093501,ASK,106950000.0,106953000.0,0.13043953,0.17051787,1.58056038,12.61047954
2026-09-08 13:53:27.461111,KRW-BTC,106950000.0,0.00018044,ASK,106950000.0,106953000.0,0.13043953,0.17051787,1.58056038,12.61047954
2026-09-08 13:53:27.461808,KRW-BTC,106950000.0,0.02600724,ASK,106950000.0,106953000.0,0.13043953,0.17051787,1.58056038,12.61047954
2026-09-08 13:53:27.462838,KRW-BTC,106950000.0,4.676e-05,ASK,106950000.0,106953000.0,0.13043953,0.17051787,1.58056038,12.61047954
2026-09-08 13:53:27.666502,KRW-BTC,106950000.0,0.0002805,ASK,106950000.0,106953000.0,0.13043953,0.17051787,1.58056038,12.62333254
2026-09-08 13:53:27.667827,KRW-BTC,106950000.0,0.00046728,ASK,106950000.0,106953000.0,0.13043953,0.17051787,1.58056038,12.62333254
2026-09-08 13:53:27.669490,KRW-BTC,106950000.0,4.721e-05,ASK,106950000.0,106953000.0,0.13043953,0.17051787,1.58056038,12.62333254
2026-09-08 13:53:27.670057,KRW-BTC,106950000.0,4.721e-05,ASK,106950000.0,106953000.0,0.13043953,0.17051787,1.58056038,12.62333254
2026-09-08 13:53:27.670639,KRW-BTC,106950000.0,0.00093501,ASK,106950000.0,106953000.0,0.13043953,0.17051787,1.58056038,12.62333254
2026-09-08 13:53:27.671450,KRW-BTC,106950000.0,0.00018044,ASK,106950000.0,106953000.0,0.13043953,0.17051787,1.58056038,12.62333254
2026-09-08 13:53:30.786227,KRW-BTC,106950000.0,0.00075457,ASK,106945000.0,106948000.0,0.052964,0.07865705,1.55547542,12.68904067
2026-09-08 13:53:30.786878,KRW-BTC,106950000.0,0.00075457,ASK,106945000.0,106948000.0,0.052964,0.07865705,1.55547542,12.68904067
2026-09-08 13:53:30.787694,KRW-BTC,106950000.0,0.09350163,ASK,106945000.0,106948000.0,0.052964,0.07865705,1.55547542,12.68904067
2026-09-08 13:53:30.788240,KRW-BTC,106950000.0,0.09350163,ASK,106945000.0,106948000.0,0.052964,0.07865705,1.55547542,12.68904067
2026-09-08 13:53:30.789162,KRW-BTC,106950000.0,0.001,ASK,106945000.0,106948000.0,0.052964,0.07865705,1.55547542,12.68904067
2026-09-08 13:53:30.789983,KRW-BTC,106950000.0,5.61e-05,ASK,106945000.0,106948000.0,0.052964,0.07865705,1.55547542,12.68904067
2026-09-08 13:53:30.790880,KRW-BTC,106950000.0,0.00093268,ASK,106945000.0,106948000.0,0.052964,0.07865705,1.55547542,12.68904067
2026-09-08 13:53:30.801052,KRW-BTC,106950000.0,0.001,ASK,106945000.0,106948000.0,0.052964,0.07865705,1.55547542,12.68904067
2026-09-08 13:53:30.801168,KRW-BTC,106950000.0,0.0001,ASK,106945000.0,106948000.0,0.052964,0.07865705,1.55547542,12.68904067
2026-09-08 13:53:30.801965,KRW-BTC,106950000.0,5.61e-05,ASK,106945000.0,106948000.0,0.052964,0.07865705,1.55547542,12.68904067
2026-09-08 13:53:30.802462,KRW-BTC,106950000.0,0.00044369,ASK,106945000.0,106948000.0,0.052964,0.07865705,1.55547542,12.68904067
2026-09-08 13:53:30.803151,KRW-BTC,106950000.0,0.00093268,ASK,106945000.0,106948000.0,0.052964,0.07865705,1.55547542,12.68904067
2026-09-08 13:53:30.803329,KRW-BTC,106950000.0,0.00078749,ASK,106945000.0,106948000.0,0.052964,0.07865705,1.55547542,12.68904067
2026-09-08 13:53:30.804447,KRW-BTC,106950000.0,0.0001,ASK,106945000.0,106948000.0,0.052964,0.07865705,1.55547542,12.68904067
2026-09-08 13:53:30.804543,KRW-BTC,106950000.0,0.00280504,ASK,106945000.0,106948000.0,0.052964,0.07865705,1.55547542,12.68904067
2026-09-08 13:53:30.805186,KRW-BTC,106950000.0,0.00044369,ASK,106945000.0,106948000.0,0.052964,0.07865705,1.55547542,12.68904067
2026-09-08 13:53:30.805468,KRW-BTC,106950000.0,0.001,ASK,106945000.0,106948000.0,0.052964,0.07865705,1.55547542,12.68904067
2026-09-08 13:53:30.806472,KRW-BTC,106950000.0,0.00078749,ASK,106945000.0,106948000.0,0.052964,0.07865705,1.55547542,12.68904067
2026-09-08 13:53:30.806810,KRW-BTC,106950000.0,0.02805049,ASK,106945000.0,106948000.0,0.052964,0.07865705,1.55547542,12.68904067
2026-09-08 13:53:30.807785,KRW-BTC,106950000.0,0.00280504,ASK,106945000.0,106948000.0,0.052964,0.07865705,1.55547542,12.68904067
2026-09-08 13:53:30.808573,KRW-BTC,106950000.0,0.0004675,ASK,106945000.0,106948000.0,0.052964,0.07865705,1.55547542,12.68904067
2026-09-08 13:53:30.809174,KRW-BTC,106950000.0,0.001,ASK,106945000.0,106948000.0,0.052964,0.07865705,1.55547542,12.68904067
2026-09-08 13:53:30.809341,KRW-BTC,106950000.0,9.35e-05,ASK,106945000.0,106948000.0,0.052964,0.07865705,1.55547542,12.68904067
2026-09-08 13:53:30.809782,KRW-BTC,106950000.0,0.02805049,ASK,106945000.0,106948000.0,0.052964,0.07865705,1.55547542,12.68904067
2026-09-08 13:53:30.809980,KRW-BTC,106950000.0,0.0004,ASK,106945000.0,106948000.0,0.052964,0.07865705,1.55547542,12.68904067
2026-09-08 13:53:30.810889,KRW-BTC,106950000.0,4.684e-05,ASK,106945000.0,106948000.0,0.052964,0.07865705,1.55547542,12.68904067
2026-09-08 13:53:30.811516,KRW-BTC,106950000.0,9.35e-05,ASK,106945000.0,106948000.0,0.052964,0.07865705,1.55547542,12.68904067
2026-09-08 13:53:30.811691,KRW-BTC,106948000.0,0.00025845,ASK,106945000.0,106948000.0,0.052964,0.07865705,1.55547542,12.68904067
2026-09-08 13:53:30.812144,KRW-BTC,106950000.0,0.0004,ASK,106945000.0,106948000.0,0.052964,0.07865705,1.55547542,12.68904067
2026-09-08 13:53:30.812214,KRW-BTC,106948000.0,0.00046661,ASK,106945000.0,106948000.0,0.052964,0.07865705,1.55547542,12.68904067
2026-09-08 13:53:30.812735,KRW-BTC,106950000.0,4.684e-05,ASK,106945000.0,106948000.0,0.052964,0.07865705,1.55547542,12.68904067
2026-09-08 13:53:30.813144,KRW-BTC,106948000.0,0.00056099,ASK,106945000.0,106948000.0,0.052964,0.07865705,1.55547542,12.68904067
2026-09-08 13:53:30.814065,KRW-BTC,106948000.0,0.00025845,ASK,106945000.0,106948000.0,0.052964,0.07865705,1.55547542,12.68904067
2026-09-08 13:53:30.815104,KRW-BTC,106948000.0,0.00046661,ASK,106945000.0,106948000.0,0.052964,0.07865705,1.55547542,12.68904067
2026-09-08 13:53:30.816114,KRW-BTC,106948000.0,0.00056099,ASK,106945000.0,106948000.0,0.052964,0.07865705,1.55547542,12.68904067
2026-09-08 13:53:32.144039,KRW-BTC,106945000.0,0.00046753,ASK,106945000.0,106948000.0,0.02949635,0.07865705,1.48760221,12.68904067
2026-09-08 13:53:32.145381,KRW-BTC,106945000.0,0.003,ASK,106945000.0,106948000.0,0.02949635,0.07865705,1.48760221,12.68904067
2026-09-08 13:53:32.146416,KRW-BTC,106945000.0,0.02000012,ASK,106945000.0,106948000.0,0.02949635,0.07865705,1.48760221,12.68904067
2026-09-08 13:53:32.150037,KRW-BTC,106945000.0,0.00046753,ASK,106945000.0,106948000.0,0.02949635,0.07865705,1.48760221,12.68904067
2026-09-08 13:53:32.150740,KRW-BTC,106945000.0,0.003,ASK,106945000.0,106948000.0,0.02949635,0.07865705,1.48760221,12.68904067
2026-09-08 13:53:32.151377,KRW-BTC,106945000.0,0.02000012,ASK,106945000.0,106948000.0,0.02949635,0.07865705,1.48760221,12.68904067
2026-09-08 13:53:32.561766,KRW-BTC,106948000.0,9.35e-05,BID,106945000.0,106948000.0,0.02949635,0.07856355,1.48760221,12.75439648
2026-09-08 13:53:32.576536,KRW-BTC,106948000.0,9.35e-05,BID,106945000.0,106948000.0,0.02949635,0.07856355,1.48760221,12.75439648
2026-09-08 13:53:36.958155,KRW-BTC,106948000.0,0.00093503,BID,106945000.0,106948000.0,0.02949635,0.07622604,1.48760221,12.75205897
2026-09-08 13:53:36.960323,KRW-BTC,106948000.0,9.35e-05,BID,106945000.0,106948000.0,0.02949635,0.07622604,1.48760221,12.75205897
2026-09-08 13:53:36.961267,KRW-BTC,106948000.0,0.00093503,BID,106945000.0,106948000.0,0.02949635,0.07622604,1.48760221,12.75205897
2026-09-08 13:53:36.961954,KRW-BTC,106948000.0,4.675e-05,BID,106945000.0,106948000.0,0.02949635,0.07622604,1.48760221,12.75205897
2026-09-08 13:53:36.963194,KRW-BTC,106948000.0,9.35e-05,BID,106945000.0,106948000.0,0.02949635,0.07622604,1.48760221,12.75205897
2026-09-08 13:53:36.963926,KRW-BTC,106948000.0,7.012e-05,BID,106945000.0,106948000.0,0.02949635,0.07622604,1.48760221,12.75205897
2026-09-08 13:53:36.964550,KRW-BTC,106948000.0,4.675e-05,BID,106945000.0,106948000.0,0.02949635,0.07622604,1.48760221,12.75205897
2026-09-08 13:53:36.964842,KRW-BTC,106948000.0,4.675e-05,BID,106945000.0,106948000.0,0.02949635,0.07622604,1.48760221,12.75205897
2026-09-08 13:53:36.965455,KRW-BTC,106948000.0,7.012e-05,BID,106945000.0,106948000.0,0.02949635,0.07622604,1.48760221,12.75205897
2026-09-08 13:53:36.966053,KRW-BTC,106948000.0,4.675e-05,BID,106945000.0,106948000.0,0.02949635,0.07622604,1.48760221,12.75205897
2026-09-08 13:53:36.966920,KRW-BTC,106948000.0,0.00023375,BID,106945000.0,106948000.0,0.02949635,0.07622604,1.48760221,12.75205897
2026-09-08 13:53:36.967541,KRW-BTC,106948000.0,9.35e-05,BID,106945000.0,106948000.0,0.02949635,0.07622604,1.48760221,12.75205897
2026-09-08 13:53:36.968363,KRW-BTC,106948000.0,0.00014025,BID,106945000.0,106948000.0,0.02949635,0.07622604,1.48760221,12.75205897
2026-09-08 13:53:36.969287,KRW-BTC,106948000.0,4.675e-05,BID,106945000.0,106948000.0,0.02949635,0.07622604,1.48760221,12.75205897
2026-09-08 13:53:36.970387,KRW-BTC,106948000.0,9.35e-05,BID,106945000.0,106948000.0,0.02949635,0.07622604,1.48760221,12.75205897
2026-09-08 13:53:36.970468,KRW-BTC,106948000.0,4.675e-05,BID,106945000.0,106948000.0,0.02949635,0.07622604,1.48760221,12.75205897
2026-09-08 13:53:36.971156,KRW-BTC,106948000.0,0.00011687,BID,106945000.0,106948000.0,0.02949635,0.07622604,1.48760221,12.75205897
2026-09-08 13:53:36.971355,KRW-BTC,106948000.0,4.675e-05,BID,106945000.0,106948000.0,0.02949635,0.07622604,1.48760221,12.75205897
2026-09-08 13:53:36.972000,KRW-BTC,106948000.0,0.00023375,BID,106945000.0,106948000.0,0.02949635,0.07622604,1.48760221,12.75205897
2026-09-08 13:53:36.972669,KRW-BTC,106948000.0,9.35e-05,BID,106945000.0,106948000.0,0.02949635,0.07622604,1.48760221,12.75205897
2026-09-08 13:53:36.973224,KRW-BTC,106948000.0,0.00014025,BID,106945000.0,106948000.0,0.02949635,0.07622604,1.48760221,12.75205897
2026-09-08 13:53:36.973872,KRW-BTC,106948000.0,4.675e-05,BID,106945000.0,106948000.0,0.02949635,0.07622604,1.48760221,12.75205897
2026-09-08 13:53:36.985198,KRW-BTC,106948000.0,9.35e-05,BID,106945000.0,106948000.0,0.02949635,0.07622604,1.48760221,12.75205897
2026-09-08 13:53:36.987004,KRW-BTC,106948000.0,0.00014025,BID,106945000.0,106948000.0,0.02949635,0.07622604,1.48760221,12.75205897
2026-09-08 13:53:36.991646,KRW-BTC,106948000.0,0.00011687,BID,106945000.0,106948000.0,0.02949635,0.07622604,1.48760221,12.75205897
2026-09-08 13:53:36.994344,KRW-BTC,106948000.0,7.012e-05,BID,106945000.0,106948000.0,0.02949635,0.07622604,1.48760221,12.75205897
2026-09-08 13:53:37.016145,KRW-BTC,106948000.0,0.00011687,BID,106945000.0,106948000.0,0.02949635,0.07622604,1.48760221,12.75205897
2026-09-08 13:53:37.017263,KRW-BTC,106948000.0,4.675e-05,BID,106945000.0,106948000.0,0.02949635,0.07622604,1.48760221,12.75205897
2026-09-08 13:53:37.026075,KRW-BTC,106948000.0,9.35e-05,BID,106945000.0,106948000.0,0.02949635,0.07622604,1.48760221,12.75205897
2026-09-08 13:53:37.026722,KRW-BTC,106948000.0,9.35e-05,BID,106945000.0,106948000.0,0.02949635,0.07622604,1.48760221,12.75205897
2026-09-08 13:53:37.027474,KRW-BTC,106948000.0,0.00011687,BID,106945000.0,106948000.0,0.02949635,0.07622604,1.48760221,12.75205897
2026-09-08 13:53:37.167195,KRW-BTC,106948000.0,9.35e-05,BID,106945000.0,106948000.0,0.02949635,0.07622604,1.48760221,12.75205897
2026-09-08 13:53:37.167639,KRW-BTC,106948000.0,0.00014025,BID,106945000.0,106948000.0,0.02949635,0.07622604,1.48760221,12.75205897
2026-09-08 13:53:37.169584,KRW-BTC,106948000.0,7.012e-05,BID,106945000.0,106948000.0,0.02949635,0.10274867,1.48760221,12.7785816
2026-09-08 13:53:37.171364,KRW-BTC,106948000.0,0.00011687,BID,106945000.0,106948000.0,0.02949635,0.10274867,1.48760221,12.7785816
2026-09-08 13:53:37.173041,KRW-BTC,106948000.0,4.675e-05,BID,106945000.0,106948000.0,0.02949635,0.10274867,1.48760221,12.7785816
2026-09-08 13:53:37.174496,KRW-BTC,106948000.0,9.35e-05,BID,106945000.0,106948000.0,0.02949635,0.10274867,1.48760221,12.7785816
2026-09-08 13:53:37.176582,KRW-BTC,106948000.0,9.35e-05,BID,106945000.0,106948000.0,0.02949635,0.10274867,1.48760221,12.7785816
2026-09-08 13:53:37.178431,KRW-BTC,106948000.0,0.00011687,BID,106945000.0,106948000.0,0.02949635,0.10274867,1.48760221,12.7785816
2026-09-08 13:53:37.180713,KRW-BTC,106948000.0,9.35e-05,BID,106945000.0,106948000.0,0.02949635,0.07582867,1.48760221,12.7516616
2026-09-08 13:53:37.737872,KRW-BTC,106948000.0,9.35e-05,BID,106945000.0,106948000.0,0.02949635,0.10265517,1.48760221,12.7784881
2026-09-08 13:53:37.745454,KRW-BTC,106948000.0,9.35e-05,BID,106945000.0,106948000.0,0.02949635,0.10265517,1.48760221,12.7784881
2026-09-08 13:53:39.879817,KRW-BTC,106948000.0,0.00187006,BID,106945000.0,106948000.0,0.02949635,0.10265517,1.48760221,12.7784881
2026-09-08 13:53:39.880082,KRW-BTC,106948000.0,0.00187006,BID,106945000.0,106948000.0,0.02949635,0.10265517,1.48760221,12.7784881
2026-09-08 13:53:40.791288,KRW-BTC,106945000.0,0.0004074,ASK,106945000.0,106948000.0,0.03127028,0.10078511,1.48937614,12.77661804
2026-09-08 13:53:40.791539,KRW-BTC,106945000.0,0.0004074,ASK,106945000.0,106948000.0,0.03127028,0.10078511,1.48937614,12.77661804
2026-09-08 13:53:41.351343,KRW-BTC,106945000.0,0.0155713,ASK,106945000.0,106948000.0,0.01529158,0.10078511,1.47339744,12.77661804
2026-09-08 13:53:42.353002,KRW-BTC,106948000.0,0.01,BID,106945000.0,106948000.0,0.01529158,0.09078511,1.47339744,12.76661804
2026-09-08 13:53:42.365305,KRW-BTC,106948000.0,0.01,BID,106945000.0,106948000.0,0.01529158,0.09078511,1.47339744,12.76661804
2026-09-08 13:53:42.613734,KRW-BTC,106948000.0,0.00116844,BID,106945000.0,106948000.0,0.01529158,0.09078511,1.47339744,12.76661804
2026-09-08 13:53:42.617400,KRW-BTC,106948000.0,0.00116844,BID,106945000.0,106948000.0,0.01529158,0.09078511,1.47339744,12.76661804
2026-09-08 13:53:46.171416,KRW-BTC,106948000.0,0.00028051,BID,106945000.0,106948000.0,0.01529158,0.08933616,1.47349096,12.96336909
2026-09-08 13:53:46.176737,KRW-BTC,106948000.0,0.00028051,BID,106945000.0,106948000.0,0.01529158,0.08933616,1.47349096,12.96336909
2026-09-08 13:53:51.077063,KRW-BTC,106946000.0,0.02214937,ASK,106946000.0,106948000.0,0.02739779,0.11723645,1.55188159,12.94448938
2026-09-08 13:53:51.083011,KRW-BTC,106946000.0,0.02214937,ASK,106946000.0,106948000.0,0.02739779,0.11723645,1.55188159,12.94448938
2026-09-08 13:53:52.671363,KRW-BTC,106948000.0,0.002,BID,106946000.0,106948000.0,0.02839779,0.11523645,1.55401837,12.94248938
2026-09-08 13:53:52.671870,KRW-BTC,106948000.0,0.002,BID,106946000.0,106948000.0,0.02839779,0.11523645,1.55401837,12.94248938
2026-09-08 13:53:54.814395,KRW-BTC,106948000.0,4.684e-05,BID,106947000.0,106948000.0,0.00187006,0.11523645,1.53979366,12.94248938
2026-09-08 13:53:54.818375,KRW-BTC,106948000.0,4.684e-05,BID,106947000.0,106948000.0,0.00187006,0.11523645,1.53979366,12.94248938
2026-09-08 13:53:55.377746,KRW-BTC,106948000.0,0.00761408,BID,106947000.0,106948000.0,0.00187006,0.11518961,1.53979366,12.94244254
2026-09-08 13:53:55.388514,KRW-BTC,106948000.0,0.00761408,BID,106947000.0,106948000.0,0.00187006,0.11518961,1.53979366,12.94244254
2026-09-08 13:53:56.127981,KRW-BTC,106948000.0,0.00935033,BID,106947000.0,106948000.0,0.00187006,0.10757553,1.53979366,12.93482846
2026-09-08 13:53:56.128229,KRW-BTC,106948000.0,0.00935033,BID,106947000.0,106948000.0,0.00187006,0.10757553,1.53979366,12.93482846
2026-09-08 13:53:56.494781,KRW-BTC,106948000.0,4.677e-05,BID,106947000.0,106948000.0,0.00187006,0.0982252,1.53979366,12.92547813
2026-09-08 13:53:56.508284,KRW-BTC,106948000.0,4.677e-05,BID,106947000.0,106948000.0,0.00187006,0.0982252,1.53979366,12.92547813
2026-09-08 13:53:57.035961,KRW-BTC,106948000.0,0.04335814,BID,106947000.0,106948000.0,0.00187006,0.09817843,1.53979366,12.92543136
2026-09-08 13:53:57.036890,KRW-BTC,106948000.0,0.02692,BID,106947000.0,106948000.0,0.00187006,0.09817843,1.53979366,12.92543136
2026-09-08 13:53:57.037609,KRW-BTC,106948000.0,0.02790029,BID,106947000.0,106948000.0,0.00187006,0.09817843,1.53979366,12.92543136
2026-09-08 13:53:57.045406,KRW-BTC,106948000.0,0.04335814,BID,106947000.0,106948000.0,0.00187006,0.09817843,1.53979366,12.92543136
2026-09-08 13:53:57.046058,KRW-BTC,106948000.0,0.02692,BID,106947000.0,106948000.0,0.00187006,0.09817843,1.53979366,12.92543136
2026-09-08 13:53:57.046856,KRW-BTC,106948000.0,0.02790029,BID,106947000.0,106948000.0,0.00187006,0.09817843,1.53979366,12.92543136
2026-09-08 13:53:57.047982,KRW-BTC,106950000.0,0.25,BID,106947000.0,106948000.0,0.00187006,0.09817843,1.53979366,12.92543136
2026-09-08 13:53:57.048898,KRW-BTC,106953000.0,0.14302834,BID,106947000.0,106948000.0,0.00187006,0.09817843,1.53979366,12.92543136
2026-09-08 13:53:57.049661,KRW-BTC,106953000.0,0.01813963,BID,106947000.0,106948000.0,0.00187006,0.09817843,1.53979366,12.92543136
2026-09-08 13:53:57.050094,KRW-BTC,106950000.0,0.25,BID,106947000.0,106948000.0,0.00187006,0.09817843,1.53979366,12.92543136
2026-09-08 13:53:57.050518,KRW-BTC,106953000.0,0.0093499,BID,106947000.0,106948000.0,0.00187006,0.09817843,1.53979366,12.92543136
2026-09-08 13:53:57.050858,KRW-BTC,106953000.0,0.14302834,BID,106947000.0,106948000.0,0.00187006,0.09817843,1.53979366,12.92543136
2026-09-08 13:53:57.051325,KRW-BTC,106953000.0,0.06544931,BID,106947000.0,106948000.0,0.00187006,0.09817843,1.53979366,12.92543136
2026-09-08 13:53:57.051689,KRW-BTC,106953000.0,0.01813963,BID,106947000.0,106948000.0,0.00187006,0.09817843,1.53979366,12.92543136
2026-09-08 13:53:57.052252,KRW-BTC,106961000.0,0.00176602,BID,106947000.0,106948000.0,0.00187006,0.09817843,1.53979366,12.92543136
2026-09-08 13:53:57.052563,KRW-BTC,106953000.0,0.0093499,BID,106947000.0,106948000.0,0.00187006,0.09817843,1.53979366,12.92543136
2026-09-08 13:53:57.052946,KRW-BTC,106961000.0,0.001,BID,106947000.0,106948000.0,0.00187006,0.09817843,1.53979366,12.92543136
2026-09-08 13:53:57.053251,KRW-BTC,106953000.0,0.06544931,BID,106947000.0,106948000.0,0.00187006,0.09817843,1.53979366,12.92543136
2026-09-08 13:53:57.053956,KRW-BTC,106961000.0,0.00176602,BID,106947000.0,106948000.0,0.00187006,0.09817843,1.53979366,12.92543136
2026-09-08 13:53:57.054765,KRW-BTC,106979000.0,0.42276763,BID,106947000.0,106948000.0,0.00187006,0.09817843,1.53979366,12.92543136
2026-09-08 13:53:57.054983,KRW-BTC,106961000.0,0.001,BID,106947000.0,106948000.0,0.00187006,0.09817843,1.53979366,12.92543136
2026-09-08 13:53:57.055643,KRW-BTC,106977000.0,0.01871431,BID,106947000.0,106948000.0,0.00187006,0.09817843,1.53979366,12.92543136
2026-09-08 13:53:57.056282,KRW-BTC,106979000.0,0.42276763,BID,106947000.0,106948000.0,0.00187006,0.09817843,1.53979366,12.92543136
2026-09-08 13:54:04.498127,KRW-BTC,106979000.0,0.00014014,BID,106949000.0,106979000.0,0.01,0.1327524,1.42609878,11.87911229
2026-09-08 13:54:04.516343,KRW-BTC,106979000.0,0.00014014,BID,106949000.0,106979000.0,0.01,0.1327524,1.42609878,11.87911229
2026-09-08 13:54:04.742870,KRW-BTC,106979000.0,0.00350523,BID,106949000.0,106979000.0,0.01,0.12910703,1.42609878,11.87546692
2026-09-08 13:54:04.793650,KRW-BTC,106979000.0,0.00350523,BID,106949000.0,106979000.0,0.01,0.12910703,1.42609878,11.87546692
2026-09-08 13:54:06.120850,KRW-BTC,106949000.0,0.01,ASK,106948000.0,106949000.0,0.00196356,0.01837583,1.46700639,11.86462275
2026-09-08 13:54:06.120909,KRW-BTC,106949000.0,0.01,ASK,106948000.0,106949000.0,0.00196356,0.01837583,1.46700639,11.86462275
2026-09-08 13:54:09.902371,KRW-BTC,106948000.0,0.00187006,ASK,106948000.0,106949000.0,0.00196356,0.01837583,1.41921395,11.08081463
2026-09-08 13:54:09.902505,KRW-BTC,106948000.0,0.00187006,ASK,106948000.0,106949000.0,0.00196356,0.01837583,1.41921395,11.08081463
2026-09-08 13:54:09.903269,KRW-BTC,106948000.0,9.35e-05,ASK,106948000.0,106949000.0,0.00196356,0.01837583,1.41921395,11.08081463
2026-09-08 13:54:09.903733,KRW-BTC,106948000.0,9.35e-05,ASK,106948000.0,106949000.0,0.00196356,0.01837583,1.41921395,11.08081463
2026-09-08 13:54:09.904482,KRW-BTC,106947000.0,0.00187006,ASK,106948000.0,106949000.0,0.00196356,0.01837583,1.41921395,11.08081463
2026-09-08 13:54:09.904690,KRW-BTC,106947000.0,0.00187006,ASK,106948000.0,106949000.0,0.00196356,0.01837583,1.41921395,11.08081463
2026-09-08 13:54:09.905295,KRW-BTC,106947000.0,0.01,ASK,106948000.0,106949000.0,0.00196356,0.01837583,1.41921395,11.08081463
2026-09-08 13:54:09.929832,KRW-BTC,106947000.0,0.01,ASK,106948000.0,106949000.0,0.00196356,0.01837583,1.41921395,11.08081463
2026-09-08 13:54:09.930689,KRW-BTC,106946000.0,0.02739779,ASK,106948000.0,106949000.0,0.00196356,0.01837583,1.41921395,11.08081463
2026-09-08 13:54:09.931451,KRW-BTC,106946000.0,0.001,ASK,106948000.0,106949000.0,0.00196356,0.01837583,1.41921395,11.08081463
2026-09-08 13:54:09.932187,KRW-BTC,106946000.0,0.00010179,ASK,106948000.0,106949000.0,0.00196356,0.01837583,1.41921395,11.08081463
2026-09-08 13:54:09.932841,KRW-BTC,106945000.0,0.01066584,ASK,106948000.0,106949000.0,0.00196356,0.01837583,1.41921395,11.08081463
2026-09-08 13:54:09.933569,KRW-BTC,106945000.0,4.679e-05,ASK,106948000.0,106949000.0,0.00196356,0.01837583,1.41921395,11.08081463
2026-09-08 13:54:09.934320,KRW-BTC,106945000.0,0.00280502,ASK,106948000.0,106949000.0,0.00196356,0.01837583,1.41921395,11.08081463
2026-09-08 13:54:09.934992,KRW-BTC,106945000.0,0.00177393,ASK,106948000.0,106949000.0,0.00196356,0.01837583,1.41921395,11.08081463
2026-09-08 13:54:09.935558,KRW-BTC,106945000.0,0.01450039,ASK,106948000.0,106949000.0,0.00196356,0.01837583,1.41921395,11.08081463
2026-09-08 13:54:09.936462,KRW-BTC,106943000.0,4.722e-05,ASK,106941000.0,106949000.0,0.00402021,0.01837583,1.52679649,11.44243115
2026-09-08 13:54:09.937067,KRW-BTC,106943000.0,0.0028051,ASK,106941000.0,106949000.0,0.00402021,0.01837583,1.52679649,11.44243115
2026-09-08 13:54:09.937808,KRW-BTC,106943000.0,0.00374031,ASK,106941000.0,106949000.0,0.00402021,0.01837583,1.52679649,11.44243115
2026-09-08 13:54:09.938530,KRW-BTC,106943000.0,0.001,ASK,106941000.0,106949000.0,0.00402021,0.01837583,1.52679649,11.44243115
2026-09-08 13:54:09.970076,KRW-BTC,106942000.0,0.00181105,ASK,106941000.0,106949000.0,0.00402021,0.01837583,1.52679649,11.44243115
2026-09-08 13:54:09.970949,KRW-BTC,106942000.0,0.00935086,ASK,106941000.0,106949000.0,0.00402021,0.01837583,1.52679649,11.44243115
2026-09-08 13:54:09.971642,KRW-BTC,106942000.0,0.00093415,ASK,106941000.0,106949000.0,0.00402021,0.01837583,1.52679649,11.44243115
2026-09-08 13:54:09.972888,KRW-BTC,106942000.0,0.0005,ASK,106941000.0,106949000.0,0.00402021,0.01837583,1.52679649,11.44243115
2026-09-08 13:54:09.973982,KRW-BTC,106941000.0,0.00018701,ASK,106941000.0,106949000.0,0.00402021,0.01837583,1.52679649,11.44243115
2026-09-08 13:54:09.974810,KRW-BTC,106941000.0,0.00134122,ASK,106941000.0,106949000.0,0.00402021,0.01837583,1.52679649,11.44243115
2026-09-08 13:54:09.975585,KRW-BTC,106941000.0,0.00014196,ASK,106941000.0,106949000.0,0.00402021,0.01837583,1.52679649,11.44243115
2026-09-08 13:54:09.976307,KRW-BTC,106941000.0,0.10337236,ASK,106941000.0,106949000.0,0.00402021,0.01837583,1.52679649,11.44243115
2026-09-08 13:54:09.977080,KRW-BTC,106941000.0,0.01616848,ASK,106941000.0,106949000.0,0.00402021,0.01837583,1.52679649,11.44243115
2026-09-08 13:54:10.071360,KRW-BTC,106941000.0,0.00205665,ASK,106941000.0,106949000.0,0.00196356,0.01837583,1.52473984,11.46070621
2026-09-08 13:54:10.095195,KRW-BTC,106947000.0,0.0005,ASK,106941000.0,106949000.0,0.00196356,0.01837583,1.52473984,11.46070621
2026-09-08 13:54:10.096053,KRW-BTC,106941000.0,0.00162287,ASK,106941000.0,106949000.0,0.00196356,0.01837583,1.52473984,11.46070621
2026-09-08 13:54:10.096658,KRW-BTC,106941000.0,4.722e-05,ASK,106941000.0,106949000.0,0.00196356,0.01837583,1.52473984,11.46070621
2026-09-08 13:54:10.097443,KRW-BTC,106941000.0,9.347e-05,ASK,106941000.0,106949000.0,0.00196356,0.01837583,1.52473984,11.46070621
2026-09-08 13:54:10.098413,KRW-BTC,106941000.0,0.0002,ASK,106941000.0,106949000.0,0.00196356,0.01837583,1.52473984,11.46070621
2026-09-08 13:54:10.107033,KRW-BTC,106940000.0,0.00212499,ASK,106941000.0,106949000.0,0.00196356,0.01837583,1.52473984,11.46070621
2026-09-08 13:54:10.107782,KRW-BTC,106940000.0,0.00444056,ASK,106941000.0,106949000.0,0.00196356,0.01837583,1.52473984,11.46070621
2026-09-08 13:54:10.108593,KRW-BTC,106940000.0,0.00374041,ASK,106941000.0,106949000.0,0.00196356,0.01837583,1.52473984,11.46070621
2026-09-08 13:54:10.109482,KRW-BTC,106940000.0,0.001,ASK,106941000.0,106949000.0,0.00196356,0.01837583,1.52473984,11.46070621
2026-09-08 13:54:10.124372,KRW-BTC,106940000.0,0.00467551,ASK,106941000.0,106949000.0,0.00196356,0.01837583,1.52473984,11.46070621
2026-09-08 13:54:10.125300,KRW-BTC,106940000.0,9.349e-05,ASK,106941000.0,106949000.0,0.00196356,0.01837583,1.52473984,11.46070621
2026-09-08 13:54:10.125947,KRW-BTC,106940000.0,9.352e-05,ASK,106941000.0,106949000.0,0.00196356,0.01837583,1.52473984,11.46070621
2026-09-08 13:54:10.126530,KRW-BTC,106937000.0,0.0004,ASK,106941000.0,106949000.0,0.00196356,0.01837583,1.52473984,11.46070621
2026-09-08 13:54:10.127105,KRW-BTC,106937000.0,0.00188508,ASK,106941000.0,106949000.0,0.00196356,0.01837583,1.52473984,11.46070621
2026-09-08 13:54:10.127776,KRW-BTC,106936000.0,0.00093513,ASK,106941000.0,106949000.0,0.00196356,0.01837583,1.52473984,11.46070621
2026-09-08 13:54:10.128519,KRW-BTC,106936000.0,0.00028054,ASK,106941000.0,106949000.0,0.00196356,0.01837583,1.52473984,11.46070621
2026-09-08 13:54:10.129225,KRW-BTC,106936000.0,4.722e-05,ASK,106941000.0,106949000.0,0.00196356,0.01837583,1.52473984,11.46070621
2026-09-08 13:54:10.130198,KRW-BTC,106936000.0,0.00701354,ASK,106941000.0,106949000.0,0.00196356,0.01837583,1.52473984,11.46070621
2026-09-08 13:54:10.138106,KRW-BTC,106946000.0,0.02739779,ASK,106930000.0,106949000.0,0.03269391,0.01837583,2.01809551,11.47332691
2026-09-08 13:54:10.138874,KRW-BTC,106946000.0,0.001,ASK,106930000.0,106949000.0,0.03269391,0.01837583,2.01809551,11.47332691
2026-09-08 13:54:10.139794,KRW-BTC,106946000.0,0.00010179,ASK,106930000.0,106949000.0,0.03269391,0.01837583,2.01809551,11.47332691
2026-09-08 13:54:10.140603,KRW-BTC,106945000.0,0.01066584,ASK,106930000.0,106949000.0,0.03269391,0.01837583,2.01809551,11.47332691
2026-09-08 13:54:10.141332,KRW-BTC,106945000.0,4.679e-05,ASK,106930000.0,106949000.0,0.03269391,0.01837583,2.01809551,11.47332691
2026-09-08 13:54:10.141957,KRW-BTC,106945000.0,0.00280502,ASK,106930000.0,106949000.0,0.03269391,0.01837583,2.01809551,11.47332691
2026-09-08 13:54:10.146546,KRW-BTC,106945000.0,0.00177393,ASK,106930000.0,106949000.0,0.03269391,0.01837583,2.01809551,11.47332691
2026-09-08 13:54:10.147379,KRW-BTC,106945000.0,0.01450039,ASK,106930000.0,106949000.0,0.03269391,0.01837583,2.01809551,11.47332691
2026-09-08 13:54:10.149388,KRW-BTC,106943000.0,4.722e-05,ASK,106930000.0,106949000.0,0.03269391,0.01837583,2.01809551,11.47332691
2026-09-08 13:54:10.151007,KRW-BTC,106943000.0,0.0028051,ASK,106930000.0,106949000.0,0.03269391,0.01837583,2.01809551,11.47332691
2026-09-08 13:54:10.152296,KRW-BTC,106943000.0,0.00374031,ASK,106930000.0,106949000.0,0.03269391,0.01837583,2.01809551,11.47332691
2026-09-08 13:54:10.153018,KRW-BTC,106943000.0,0.001,ASK,106930000.0,106949000.0,0.03269391,0.01837583,2.01809551,11.47332691
2026-09-08 13:54:10.154567,KRW-BTC,106942000.0,0.00181105,ASK,106930000.0,106949000.0,0.03269391,0.01837583,2.01809551,11.47332691
2026-09-08 13:54:10.156464,KRW-BTC,106942000.0,0.00935086,ASK,106930000.0,106949000.0,0.03269391,0.01837583,2.01809551,11.47332691
2026-09-08 13:54:10.157464,KRW-BTC,106942000.0,0.00093415,ASK,106930000.0,106949000.0,0.03269391,0.01837583,2.01809551,11.47332691
2026-09-08 13:54:10.158444,KRW-BTC,106942000.0,0.0005,ASK,106930000.0,106949000.0,0.03269391,0.01837583,2.01809551,11.47332691
2026-09-08 13:54:10.159463,KRW-BTC,106941000.0,0.00018701,ASK,106930000.0,106949000.0,0.03269391,0.01837583,2.01809551,11.47332691
2026-09-08 13:54:10.160586,KRW-BTC,106941000.0,0.00134122,ASK,106930000.0,106949000.0,0.03269391,0.01837583,2.01809551,11.47332691
2026-09-08 13:54:10.161409,KRW-BTC,106941000.0,0.00014196,ASK,106930000.0,106949000.0,0.03269391,0.01837583,2.01809551,11.47332691
2026-09-08 13:54:10.162296,KRW-BTC,106941000.0,0.10337236,ASK,106941000.0,106949000.0,0.00402021,0.01837583,1.52679649,11.44243115
2026-09-08 13:54:10.162989,KRW-BTC,106941000.0,0.01616848,ASK,106941000.0,106949000.0,0.00402021,0.01837583,1.52679649,11.44243115
2026-09-08 13:54:10.164170,KRW-BTC,106941000.0,0.00205665,ASK,106941000.0,106949000.0,0.00196356,0.01837583,1.52473984,11.46070621
2026-09-08 13:54:10.166808,KRW-BTC,106947000.0,0.0005,ASK,106941000.0,106949000.0,0.00196356,0.01837583,1.52473984,11.46070621
2026-09-08 13:54:10.168534,KRW-BTC,106941000.0,0.00162287,ASK,106941000.0,106949000.0,0.00196356,0.01837583,1.52473984,11.46070621
2026-09-08 13:54:10.169333,KRW-BTC,106941000.0,4.722e-05,ASK,106941000.0,106949000.0,0.00196356,0.01837583,1.52473984,11.46070621
2026-09-08 13:54:10.170160,KRW-BTC,106941000.0,9.347e-05,ASK,106941000.0,106949000.0,0.00196356,0.01837583,1.52473984,11.46070621
2026-09-08 13:54:10.170912,KRW-BTC,106941000.0,0.0002,ASK,106941000.0,106949000.0,0.00196356,0.01837583,1.52473984,11.46070621
2026-09-08 13:54:10.172327,KRW-BTC,106940000.0,0.00212499,ASK,106941000.0,106949000.0,0.00196356,0.01837583,1.52473984,11.46070621
2026-09-08 13:54:10.173520,KRW-BTC,106940000.0,0.00444056,ASK,106941000.0,106949000.0,0.00196356,0.01837583,1.52473984,11.46070621
2026-09-08 13:54:10.174759,KRW-BTC,106940000.0,0.00374041,ASK,106941000.0,106949000.0,0.00196356,0.01837583,1.52473984,11.46070621
2026-09-08 13:54:10.175593,KRW-BTC,106940000.0,0.001,ASK,106941000.0,106949000.0,0.00196356,0.01837583,1.52473984,11.46070621
2026-09-08 13:54:10.176362,KRW-BTC,106940000.0,0.00467551,ASK,106941000.0,106949000.0,0.00196356,0.01837583,1.52473984,11.46070621
2026-09-08 13:54:10.178402,KRW-BTC,106940000.0,9.349e-05,ASK,106941000.0,106949000.0,0.00196356,0.01837583,1.52473984,11.46070621
2026-09-08 13:54:10.179310,KRW-BTC,106940000.0,9.352e-05,ASK,106941000.0,106949000.0,0.00196356,0.01837583,1.52473984,11.46070621
2026-09-08 13:54:10.180272,KRW-BTC,106937000.0,0.0004,ASK,106941000.0,106949000.0,0.00196356,0.01837583,1.52473984,11.46070621
2026-09-08 13:54:10.182674,KRW-BTC,106937000.0,0.00188508,ASK,106941000.0,106949000.0,0.00196356,0.01837583,1.52473984,11.46070621
2026-09-08 13:54:10.185339,KRW-BTC,106936000.0,0.00093513,ASK,106941000.0,106949000.0,0.00196356,0.01837583,1.52473984,11.46070621
2026-09-08 13:54:10.187315,KRW-BTC,106936000.0,0.00028054,ASK,106941000.0,106949000.0,0.00196356,0.01837583,1.52473984,11.46070621
2026-09-08 13:54:10.188148,KRW-BTC,106936000.0,4.722e-05,ASK,106941000.0,106949000.0,0.00196356,0.01837583,1.52473984,11.46070621
2026-09-08 13:54:10.189095,KRW-BTC,106936000.0,0.00701354,ASK,106941000.0,106949000.0,0.00196356,0.01837583,1.52473984,11.46070621
2026-09-08 13:54:12.218063,KRW-BTC,106949000.0,0.01837583,BID,106930000.0,106949000.0,0.03269391,0.01837583,2.01591111,11.47915691
2026-09-08 13:54:12.223453,KRW-BTC,106949000.0,0.01837583,BID,106930000.0,106949000.0,0.03269391,0.01837583,2.01591111,11.47915691
2026-09-08 13:54:12.374966,KRW-BTC,106949000.0,0.00199159,ASK,106949000.0,106977000.0,0.06329718,0.08034201,2.07033392,11.54558652
2026-09-08 13:54:12.375127,KRW-BTC,106949000.0,0.00199159,ASK,106949000.0,106977000.0,0.06329718,0.08034201,2.07033392,11.54558652
2026-09-08 13:54:12.481947,KRW-BTC,106949000.0,0.06329718,ASK,106949000.0,106976000.0,0.06329718,0.02010457,2.07033392,11.5476746
2026-09-08 13:54:12.486143,KRW-BTC,106949000.0,0.06329718,ASK,106949000.0,106976000.0,0.06329718,0.02010457,2.07033392,11.5476746
2026-09-08 13:54:13.526299,KRW-BTC,106966000.0,0.00046743,BID,106930000.0,106965000.0,0.03269391,0.03570757,2.01622468,11.49421301
2026-09-08 13:54:13.533884,KRW-BTC,106966000.0,0.00046743,BID,106930000.0,106965000.0,0.03269391,0.03570757,2.01622468,11.49421301
2026-09-08 13:54:14.147761,KRW-BTC,106948000.0,0.00805997,ASK,106930000.0,106960000.0,0.03269391,0.01966599,2.01622468,11.48136088
2026-09-08 13:54:14.151252,KRW-BTC,106948000.0,0.00805997,ASK,106930000.0,106960000.0,0.03269391,0.01966599,2.01622468,11.48136088
2026-09-08 13:54:14.156941,KRW-BTC,106948000.0,2e-08,ASK,106930000.0,106960000.0,0.03269391,0.01966599,2.01622468,11.48136088
2026-09-08 13:54:14.165773,KRW-BTC,106948000.0,2e-08,ASK,106930000.0,106960000.0,0.03269391,0.01966599,2.01622468,11.48136088
2026-09-08 13:54:14.198848,KRW-BTC,106960000.0,0.00018698,BID,106930000.0,106960000.0,0.03269391,0.01966599,2.01622468,11.48136088
2026-09-08 13:54:14.209098,KRW-BTC,106960000.0,0.00018698,BID,106930000.0,106960000.0,0.03269391,0.01966599,2.01622468,11.48136088
2026-09-08 13:54:16.696629,KRW-BTC,106930000.0,0.005,ASK,106930000.0,106952000.0,0.03736656,0.02231722,2.02058376,11.48030219
2026-09-08 13:54:16.697767,KRW-BTC,106930000.0,0.005,ASK,106930000.0,106952000.0,0.03736656,0.02231722,2.02058376,11.48030219
2026-09-08 13:54:21.098961,KRW-BTC,106930000.0,0.00466224,ASK,106930000.0,106949000.0,0.0325723,0.12368276,2.0157895,12.07460003
2026-09-08 13:54:21.099118,KRW-BTC,106930000.0,0.00466224,ASK,106930000.0,106949000.0,0.0325723,0.12368276,2.0157895,12.07460003
2026-09-08 13:54:22.307540,KRW-BTC,106949000.0,0.00046746,BID,106930000.0,106949000.0,0.02791006,0.12368276,2.04828769,11.97790002
2026-09-08 13:54:22.308306,KRW-BTC,106949000.0,0.00046746,BID,106930000.0,106949000.0,0.02791006,0.12368276,2.04828769,11.97790002
2026-09-08 13:54:32.067416,KRW-BTC,106947000.0,0.00046752,BID,106932000.0,106947000.0,0.01114585,0.01395058,1.59433944,11.82153905
2026-09-08 13:54:32.068162,KRW-BTC,106947000.0,0.00046752,BID,106932000.0,106947000.0,0.01114585,0.01395058,1.59433944,11.82153905
2026-09-08 13:54:33.604897,KRW-BTC,106947000.0,4.675e-05,BID,106932000.0,106947000.0,0.01114585,0.01395058,1.59433944,12.45833544
2026-09-08 13:54:33.619772,KRW-BTC,106947000.0,4.675e-05,BID,106932000.0,106947000.0,0.01114585,0.01395058,1.59433944,12.45833544
2026-09-08 13:54:36.878243,KRW-BTC,106947000.0,9.35e-05,BID,106932000.0,106947000.0,0.01114585,0.01390383,1.59433944,12.50880143
2026-09-08 13:54:36.882078,KRW-BTC,106947000.0,9.35e-05,BID,106932000.0,106947000.0,0.01114585,0.01390383,1.59433944,12.50880143
2026-09-08 13:54:36.882794,KRW-BTC,106947000.0,9.35e-05,BID,106932000.0,106947000.0,0.01114585,0.01390383,1.59433944,12.50880143
2026-09-08 13:54:36.903798,KRW-BTC,106947000.0,9.35e-05,BID,106932000.0,106947000.0,0.01114585,0.01390383,1.59433944,12.50880143
2026-09-08 13:54:36.907208,KRW-BTC,106947000.0,4.675e-05,BID,106932000.0,106947000.0,0.01114585,0.01390383,1.59433944,12.50880143
2026-09-08 13:54:36.908447,KRW-BTC,106947000.0,0.00014025,BID,106932000.0,106947000.0,0.01114585,0.01390383,1.59433944,12.50880143
2026-09-08 13:54:36.912600,KRW-BTC,106947000.0,9.35e-05,BID,106932000.0,106947000.0,0.01114585,0.01390383,1.59433944,12.50880143
2026-09-08 13:54:36.914220,KRW-BTC,106947000.0,7.012e-05,BID,106932000.0,106947000.0,0.01114585,0.01390383,1.59433944,12.50880143
2026-09-08 13:54:36.918280,KRW-BTC,106947000.0,4.675e-05,BID,106932000.0,106947000.0,0.01114585,0.01390383,1.59433944,12.50880143
2026-09-08 13:54:36.922239,KRW-BTC,106947000.0,9.35e-05,BID,106932000.0,106947000.0,0.01114585,0.01390383,1.59433944,12.50880143

2026-09-08 13:54:36.930014,KRW-BTC,106947000.0,4.675e-05,BID,106932000.0,106947000.0,0.01114585,0.01390383,1.59433944,12.50880143
2026-09-08 13:54:36.931891,KRW-BTC,106947000.0,0.00014025,BID,106932000.0,106947000.0,0.01114585,0.01390383,1.59433944,12.50880143
2026-09-08 13:54:36.933330,KRW-BTC,106947000.0,9.35e-05,BID,106932000.0,106947000.0,0.01114585,0.01390383,1.59433944,12.50880143
2026-09-08 13:54:36.938712,KRW-BTC,106947000.0,7.012e-05,BID,106932000.0,106947000.0,0.01114585,0.01390383,1.59433944,12.50880143
2026-09-08 13:54:36.939602,KRW-BTC,106947000.0,4.675e-05,BID,106932000.0,106947000.0,0.01114585,0.01390383,1.59433944,12.50880143
2026-09-08 13:54:36.942079,KRW-BTC,106947000.0,4.675e-05,BID,106932000.0,106947000.0,0.01114585,0.01390383,1.59433944,12.50880143

2026-09-08 13:54:36.943446,KRW-BTC,106947000.0,4.675e-05,BID,106932000.0,106947000.0,0.01114585,0.01390383,1.59433944,12.50880143
2026-09-08 13:54:36.956847,KRW-BTC,106947000.0,0.00023376,BID,106932000.0,106947000.0,0.01114585,0.01390383,1.59433944,12.50880143
2026-09-08 13:54:36.957884,KRW-BTC,106947000.0,0.00093504,BID,106932000.0,106947000.0,0.01114585,0.01390383,1.59433944,12.50880143
2026-09-08 13:54:36.962128,KRW-BTC,106947000.0,0.00011688,BID,106932000.0,106947000.0,0.01114585,0.01390383,1.59433944,12.50880143
2026-09-08 13:54:36.964671,KRW-BTC,106947000.0,9.35e-05,BID,106932000.0,106947000.0,0.01114585,0.01390383,1.59433944,12.50880143
2026-09-08 13:54:36.965336,KRW-BTC,106947000.0,9.35e-05,BID,106932000.0,106947000.0,0.01114585,0.01390383,1.59433944,12.50880143
2026-09-08 13:54:36.966469,KRW-BTC,106947000.0,0.00011688,BID,106932000.0,106947000.0,0.01114585,0.01390383,1.59433944,12.50880143
2026-09-08 13:54:36.969016,KRW-BTC,106947000.0,7.012e-05,BID,106932000.0,106947000.0,0.01114585,0.01390383,1.59433944,12.50880143
2026-09-08 13:54:36.972491,KRW-BTC,106947000.0,9.35e-05,BID,106932000.0,106947000.0,0.01114585,0.01390383,1.59433944,12.50880143
2026-09-08 13:54:36.973604,KRW-BTC,106947000.0,0.00014025,BID,106932000.0,106947000.0,0.01114585,0.01102865,1.59433944,12.50592625
2026-09-08 13:54:36.974352,KRW-BTC,106947000.0,9.35e-05,BID,106932000.0,106947000.0,0.01114585,0.01102865,1.59433944,12.50592625
2026-09-08 13:54:37.003114,KRW-BTC,106947000.0,9.35e-05,BID,106932000.0,106947000.0,0.01114585,0.01102865,1.59433944,12.50592625
2026-09-08 13:54:37.028880,KRW-BTC,106947000.0,4.675e-05,BID,106932000.0,106947000.0,0.01114585,0.01102865,1.59433944,12.50592625
2026-09-08 13:54:37.029758,KRW-BTC,106947000.0,9.35e-05,BID,106932000.0,106947000.0,0.01114585,0.01102865,1.59433944,12.50592625
2026-09-08 13:54:37.146936,KRW-BTC,106947000.0,0.00011688,BID,106932000.0,106947000.0,0.01114585,0.0107949,1.59433944,12.5056925
2026-09-08 13:54:37.147681,KRW-BTC,106947000.0,4.675e-05,BID,106932000.0,106947000.0,0.01114585,0.0107949,1.59433944,12.5056925
2026-09-08 13:54:37.148316,KRW-BTC,106947000.0,0.00023376,BID,106932000.0,106947000.0,0.01114585,0.0107949,1.59433944,12.5056925
2026-09-08 13:54:37.148907,KRW-BTC,106947000.0,0.00093504,BID,106932000.0,106947000.0,0.01114585,0.0107949,1.59433944,12.5056925
2026-09-08 13:54:37.150029,KRW-BTC,106947000.0,0.00011688,BID,106932000.0,106947000.0,0.01114585,0.0107949,1.59433944,12.5056925
2026-09-08 13:54:37.150922,KRW-BTC,106947000.0,9.35e-05,BID,106932000.0,106947000.0,0.01114585,0.0107949,1.59433944,12.5056925
2026-09-08 13:54:37.151596,KRW-BTC,106947000.0,9.35e-05,BID,106932000.0,106947000.0,0.01114585,0.0107949,1.59433944,12.5056925
2026-09-08 13:54:37.152321,KRW-BTC,106947000.0,0.00011688,BID,106932000.0,106947000.0,0.01114585,0.0107949,1.59433944,12.5056925
2026-09-08 13:54:37.152873,KRW-BTC,106947000.0,7.012e-05,BID,106932000.0,106947000.0,0.01114585,0.0107949,1.59433944,12.5056925
2026-09-08 13:54:37.153484,KRW-BTC,106947000.0,9.35e-05,BID,106932000.0,106947000.0,0.01114585,0.0107949,1.59433944,12.5056925
2026-09-08 13:54:37.154247,KRW-BTC,106947000.0,0.00014025,BID,106932000.0,106947000.0,0.01114585,0.01102865,1.59433944,12.50592625
2026-09-08 13:54:37.154975,KRW-BTC,106947000.0,9.35e-05,BID,106932000.0,106947000.0,0.01114585,0.01102865,1.59433944,12.50592625
2026-09-08 13:54:37.155672,KRW-BTC,106947000.0,9.35e-05,BID,106932000.0,106947000.0,0.01114585,0.01102865,1.59433944,12.50592625
2026-09-08 13:54:37.156280,KRW-BTC,106947000.0,4.675e-05,BID,106932000.0,106947000.0,0.01114585,0.01102865,1.59433944,12.50592625
2026-09-08 13:54:37.156926,KRW-BTC,106947000.0,9.35e-05,BID,106932000.0,106947000.0,0.01114585,0.01102865,1.59433944,12.50592625
